name,V,E,upper_bound,variables,clauses,status,span,encoding_time,total_solving_time,time_used,memory_usage,timed_out,optimality_proven,run_id,source_sha,source_dirty,input_sha256,binary_sha256,command,host,platform,compiler,runner_versions,concurrency,recorded_at,solver,solver_seed,method,time_limit,incremental,incremental_variable,symmetry_breaking,pairwise,width
GEOM100.col,100,547,65,9800,46303,OPTIMAL,50,0.201395,0.46289,0.664284,74.48438,0,1,1,509f41020245d12b4e03b0c6681826c72245d1f3,False,91be09009a797c20a68cfb43f78cb01019c2cfdb8915d86e640e95938c315b19,bc9dd2f34387090f83611022ed1b92c2e8cc6181b37baadbb75314f73aa6341c,/home/homulily/code/bcp-cpp/bcp /home/homulily/code/bcp-cpp/dataset/GEOM100.col 2G -t 3600,DESKTOP-RJQ30EQ,Linux-6.8.0-51-generic-x86_64-with-glibc2.39,c++ (Ubuntu 15.2.0-16ubuntu1) 15.2.0,Python 3.14.4; pandas 2.3.3; psutil 7.2.2,1,2026-08-14T05:42:24.909582+07:00,CaDiCaL,0,2G,3600,False,,False,False,
GEOM100a.col,100,992,92,13000,90380,OPTIMAL,66,0.667442,119.894,120.561,146.20703,0,1,1,509f41020245d12b4e03b0c6681826c72245d1f3,False,630c8dde843161518427f8d7ef92d9d1373781a7e028e2918c0070a86261b0f7,bc9dd2f34387090f83611022ed1b92c2e8cc6181b37baadbb75314f73aa6341c,/home/homulily/code/bcp-cpp/bcp /home/homulily/code/bcp-cpp/dataset/GEOM100a.col 2G -t 3600,DESKTOP-RJQ30EQ,Linux-6.8.0-51-generic-x86_64-with-glibc2.39,c++ (Ubuntu 15.2.0-16ubuntu1) 15.2.0,Python 3.14.4; pandas 2.3.3; psutil 7.2.2,1,2026-08-14T05:44:25.567364+07:00,CaDiCaL,0,2G,3600,False,,False,False,
GEOM100b.col,100,1050,122,14000,101400,OPTIMAL,71,1.58398,51.2374,52.8214,124.35156,0,1,1,509f41020245d12b4e03b0c6681826c72245d1f3,False,14092a37b220ef17894222b959c735f68203286fc653930904fe5f13c3741ce5,bc9dd2f34387090f83611022ed1b92c2e8cc6181b37baadbb75314f73aa6341c,/home/homulily/code/bcp-cpp/bcp /home/homulily/code/bcp-cpp/dataset/GEOM100b.col 2G -t 3600,DESKTOP-RJQ30EQ,Linux-6.8.0-51-generic-x86_64-with-glibc2.39,c++ (Ubuntu 15.2.0-16ubuntu1) 15.2.0,Python 3.14.4; pandas 2.3.3; psutil 7.2.2,1,2026-08-14T05:45:18.673073+07:00,CaDiCaL,0,2G,3600,False,,False,False,
GEOM110.col,110,638,65,10780,52712,OPTIMAL,50,0.229515,0.451104,0.680619,77.46094,0,1,1,509f41020245d12b4e03b0c6681826c72245d1f3,False,2c127a146238aee20765edfcc35a16dc2fd856e5577bfe6afdc859b7dcaddb49,bc9dd2f34387090f83611022ed1b92c2e8cc6181b37baadbb75314f73aa6341c,/home/homulily/code/bcp-cpp/bcp /home/homulily/code/bcp-cpp/dataset/GEOM110.col 2G -t 3600,DESKTOP-RJQ30EQ,Linux-6.8.0-51-generic-x86_64-with-glibc2.39,c++ (Ubuntu 15.2.0-16ubuntu1) 15.2.0,Python 3.14.4; pandas 2.3.3; psutil 7.2.2,1,2026-08-14T05:45:19.415677+07:00,CaDiCaL,0,2G,3600,False,,False,False,
GEOM110a.col,110,1207,110,14960,111886,OPTIMAL,69,1.35264,99.4237,100.776,135.01953,0,1,1,509f41020245d12b4e03b0c6681826c72245d1f3,False,9c37e408d641c20a1fc834cdfa27c50a49e532300506da93442ee8f07c8f7d3c,bc9dd2f34387090f83611022ed1b92c2e8cc6181b37baadbb75314f73aa6341c,/home/homulily/code/bcp-cpp/bcp /home/homulily/code/bcp-cpp/dataset/GEOM110a.col 2G -t 3600,DESKTOP-RJQ30EQ,Linux-6.8.0-51-generic-x86_64-with-glibc2.39,c++ (Ubuntu 15.2.0-16ubuntu1) 15.2.0,Python 3.14.4; pandas 2.3.3; psutil 7.2.2,1,2026-08-14T05:47:00.467887+07:00,CaDiCaL,0,2G,3600,False,,False,False,
GEOM110b.col,110,1256,122,16720,128786,OPTIMAL,77,1.70792,226.271,227.979,145.21875,0,1,1,509f41020245d12b4e03b0c6681826c72245d1f3,False,aea172a16bc42de0504b35909d35fce000ded1613c496d28ea719a2d44ba7c51,bc9dd2f34387090f83611022ed1b92c2e8cc6181b37baadbb75314f73aa6341c,/home/homulily/code/bcp-cpp/bcp /home/homulily/code/bcp-cpp/dataset/GEOM110b.col 2G -t 3600,DESKTOP-RJQ30EQ,Linux-6.8.0-51-generic-x86_64-with-glibc2.39,c++ (Ubuntu 15.2.0-16ubuntu1) 15.2.0,Python 3.14.4; pandas 2.3.3; psutil 7.2.2,1,2026-08-14T05:50:48.758018+07:00,CaDiCaL,0,2G,3600,False,,False,False,
GEOM120.col,120,773,74,13920,72554,OPTIMAL,59,0.314916,1.98567,2.30058,82.58203,0,1,1,509f41020245d12b4e03b0c6681826c72245d1f3,False,26357a9d4e2d8b08cdf055e2a882589f86c22c313fd9674a7f44b405c2aade4a,bc9dd2f34387090f83611022ed1b92c2e8cc6181b37baadbb75314f73aa6341c,/home/homulily/code/bcp-cpp/bcp /home/homulily/code/bcp-cpp/dataset/GEOM120.col 2G -t 3600,DESKTOP-RJQ30EQ,Linux-6.8.0-51-generic-x86_64-with-glibc2.39,c++ (Ubuntu 15.2.0-16ubuntu1) 15.2.0,Python 3.14.4; pandas 2.3.3; psutil 7.2.2,1,2026-08-14T05:50:51.165033+07:00,CaDiCaL,0,2G,3600,False,,False,False,
GEOM120a.col,120,1434,110,19440,154914,OPTIMAL,82,1.19044,142.187,143.377,136.92969,0,1,1,509f41020245d12b4e03b0c6681826c72245d1f3,False,a920a2c75d8d4fde3a531cb30857d83f245364a0b88d5a18f86336b96bf07ab6,bc9dd2f34387090f83611022ed1b92c2e8cc6181b37baadbb75314f73aa6341c,/home/homulily/code/bcp-cpp/bcp /home/homulily/code/bcp-cpp/dataset/GEOM120a.col 2G -t 3600,DESKTOP-RJQ30EQ,Linux-6.8.0-51-generic-x86_64-with-glibc2.39,c++ (Ubuntu 15.2.0-16ubuntu1) 15.2.0,Python 3.14.4; pandas 2.3.3; psutil 7.2.2,1,2026-08-14T05:53:14.770815+07:00,CaDiCaL,0,2G,3600,False,,False,False,
GEOM120b.col,120,1491,124,19680,161502,OPTIMAL,83,1.90925,2568.29,2570.2,257.93359,0,1,1,509f41020245d12b4e03b0c6681826c72245d1f3,False,745355ab3817a87504580de4d77629dce60b8f48ea8fb2c5da33224e8ef92e29,bc9dd2f34387090f83611022ed1b92c2e8cc6181b37baadbb75314f73aa6341c,/home/homulily/code/bcp-cpp/bcp /home/homulily/code/bcp-cpp/dataset/GEOM120b.col 2G -t 3600,DESKTOP-RJQ30EQ,Linux-6.8.0-51-generic-x86_64-with-glibc2.39,c++ (Ubuntu 15.2.0-16ubuntu1) 15.2.0,Python 3.14.4; pandas 2.3.3; psutil 7.2.2,1,2026-08-14T06:36:05.295186+07:00,CaDiCaL,0,2G,3600,False,,False,False,
GEOM20.col,20,20,25,800,1980,OPTIMAL,21,0.00345605,0.00150603,0.00496208,51.10938,0,1,1,509f41020245d12b4e03b0c6681826c72245d1f3,False,08ed5ea76ef3bcb2228f4669162b3aa8c234de6a4dd75c3155a603919bc0167a,bc9dd2f34387090f83611022ed1b92c2e8cc6181b37baadbb75314f73aa6341c,/home/homulily/code/bcp-cpp/bcp /home/homulily/code/bcp-cpp/dataset/GEOM20.col 2G -t 3600,DESKTOP-RJQ30EQ,Linux-6.8.0-51-generic-x86_64-with-glibc2.39,c++ (Ubuntu 15.2.0-16ubuntu1) 15.2.0,Python 3.14.4; pandas 2.3.3; psutil 7.2.2,1,2026-08-14T06:36:05.362206+07:00,CaDiCaL,0,2G,3600,False,,False,False,
GEOM20a.col,20,37,25,760,2203,OPTIMAL,20,0.0041717,0.00179395,0.00596565,51.17188,0,1,1,509f41020245d12b4e03b0c6681826c72245d1f3,False,5fe086947cbc99c9630087a727d0c9fe00065a9c4f6d6ebea7115ab4a8c161fb,bc9dd2f34387090f83611022ed1b92c2e8cc6181b37baadbb75314f73aa6341c,/home/homulily/code/bcp-cpp/bcp /home/homulily/code/bcp-cpp/dataset/GEOM20a.col 2G -t 3600,DESKTOP-RJQ30EQ,Linux-6.8.0-51-generic-x86_64-with-glibc2.39,c++ (Ubuntu 15.2.0-16ubuntu1) 15.2.0,Python 3.14.4; pandas 2.3.3; psutil 7.2.2,1,2026-08-14T06:36:05.467773+07:00,CaDiCaL,0,2G,3600,False,,False,False,
GEOM20b.col,20,32,17,480,1324,OPTIMAL,13,0.00252407,0.000857768,0.00338184,51.04688,0,1,1,509f41020245d12b4e03b0c6681826c72245d1f3,False,6be144806384554ada26f70be526ed0d42afb61a447cd96f826be5dbcf60288a,bc9dd2f34387090f83611022ed1b92c2e8cc6181b37baadbb75314f73aa6341c,/home/homulily/code/bcp-cpp/bcp /home/homulily/code/bcp-cpp/dataset/GEOM20b.col 2G -t 3600,DESKTOP-RJQ30EQ,Linux-6.8.0-51-generic-x86_64-with-glibc2.39,c++ (Ubuntu 15.2.0-16ubuntu1) 15.2.0,Python 3.14.4; pandas 2.3.3; psutil 7.2.2,1,2026-08-14T06:36:05.568833+07:00,CaDiCaL,0,2G,3600,False,,False,False,
GEOM30.col,30,50,34,1620,4560,OPTIMAL,28,0.00961909,0.00380132,0.0134204,50.79688,0,1,1,509f41020245d12b4e03b0c6681826c72245d1f3,False,489bd893683e4c3672aba625abb2643d68f9c2a6d3776c9b26400831c548bd51,bc9dd2f34387090f83611022ed1b92c2e8cc6181b37baadbb75314f73aa6341c,/home/homulily/code/bcp-cpp/bcp /home/homulily/code/bcp-cpp/dataset/GEOM30.col 2G -t 3600,DESKTOP-RJQ30EQ,Linux-6.8.0-51-generic-x86_64-with-glibc2.39,c++ (Ubuntu 15.2.0-16ubuntu1) 15.2.0,Python 3.14.4; pandas 2.3.3; psutil 7.2.2,1,2026-08-14T06:36:05.688192+07:00,CaDiCaL,0,2G,3600,False,,False,False,
GEOM30a.col,30,81,33,1560,5196,OPTIMAL,27,0.0107685,0.00420514,0.0149737,50.79688,0,1,1,509f41020245d12b4e03b0c6681826c72245d1f3,False,10bfa32a02f1c8633027611fc7eb773d3d5088d3bc49d1419471fc4ca266eca9,bc9dd2f34387090f83611022ed1b92c2e8cc6181b37baadbb75314f73aa6341c,/home/homulily/code/bcp-cpp/bcp /home/homulily/code/bcp-cpp/dataset/GEOM30a.col 2G -t 3600,DESKTOP-RJQ30EQ,Linux-6.8.0-51-generic-x86_64-with-glibc2.39,c++ (Ubuntu 15.2.0-16ubuntu1) 15.2.0,Python 3.14.4; pandas 2.3.3; psutil 7.2.2,1,2026-08-14T06:36:05.793662+07:00,CaDiCaL,0,2G,3600,False,,False,False,
GEOM30b.col,30,81,28,1500,4995,OPTIMAL,26,0.0049806,0.00152548,0.00650608,50.85938,0,1,1,509f41020245d12b4e03b0c6681826c72245d1f3,False,41e7babfc1e85334f1653ee7e88e11a11b0065ce2d50a72a801b4b00cfe2330a,bc9dd2f34387090f83611022ed1b92c2e8cc6181b37baadbb75314f73aa6341c,/home/homulily/code/bcp-cpp/bcp /home/homulily/code/bcp-cpp/dataset/GEOM30b.col 2G -t 3600,DESKTOP-RJQ30EQ,Linux-6.8.0-51-generic-x86_64-with-glibc2.39,c++ (Ubuntu 15.2.0-16ubuntu1) 15.2.0,Python 3.14.4; pandas 2.3.3; psutil 7.2.2,1,2026-08-14T06:36:05.892047+07:00,CaDiCaL,0,2G,3600,False,,False,False,
GEOM40.col,40,78,34,2160,6386,OPTIMAL,28,0.0142697,0.00419053,0.0184602,51.04688,0,1,1,509f41020245d12b4e03b0c6681826c72245d1f3,False,4968db2efd363df2b56fdfbab3c914f8100884884a68f0b07cbbc4e20aa1f192,bc9dd2f34387090f83611022ed1b92c2e8cc6181b37baadbb75314f73aa6341c,/home/homulily/code/bcp-cpp/bcp /home/homulily/code/bcp-cpp/dataset/GEOM40.col 2G -t 3600,DESKTOP-RJQ30EQ,Linux-6.8.0-51-generic-x86_64-with-glibc2.39,c++ (Ubuntu 15.2.0-16ubuntu1) 15.2.0,Python 3.14.4; pandas 2.3.3; psutil 7.2.2,1,2026-08-14T06:36:06.013517+07:00,CaDiCaL,0,2G,3600,False,,False,False,
GEOM40a.col,40,146,51,2880,10976,OPTIMAL,37,0.046883,0.0471973,0.0940803,62.10938,0,1,1,509f41020245d12b4e03b0c6681826c72245d1f3,False,0bd50dc07b7e234154a3f92e5d2cf1ac6ad83c47badf984a837587fe7c35ca6b,bc9dd2f34387090f83611022ed1b92c2e8cc6181b37baadbb75314f73aa6341c,/home/homulily/code/bcp-cpp/bcp /home/homulily/code/bcp-cpp/dataset/GEOM40a.col 2G -t 3600,DESKTOP-RJQ30EQ,Linux-6.8.0-51-generic-x86_64-with-glibc2.39,c++ (Ubuntu 15.2.0-16ubuntu1) 15.2.0,Python 3.14.4; pandas 2.3.3; psutil 7.2.2,1,2026-08-14T06:36:06.199990+07:00,CaDiCaL,0,2G,3600,False,,False,False,
GEOM40b.col,40,157,41,2560,10104,OPTIMAL,33,0.0254432,0.0138154,0.0392586,50.85938,0,1,1,509f41020245d12b4e03b0c6681826c72245d1f3,False,1ccb98f8f5e910eb9d4064ba5b23dff42c9067ecd2d40d0879250dbd16181ddf,bc9dd2f34387090f83611022ed1b92c2e8cc6181b37baadbb75314f73aa6341c,/home/homulily/code/bcp-cpp/bcp /home/homulily/code/bcp-cpp/dataset/GEOM40b.col 2G -t 3600,DESKTOP-RJQ30EQ,Linux-6.8.0-51-generic-x86_64-with-glibc2.39,c++ (Ubuntu 15.2.0-16ubuntu1) 15.2.0,Python 3.14.4; pandas 2.3.3; psutil 7.2.2,1,2026-08-14T06:36:06.351068+07:00,CaDiCaL,0,2G,3600,False,,False,False,
GEOM50.col,50,127,37,2700,8779,OPTIMAL,28,0.0262114,0.00760774,0.0338192,51.04688,0,1,1,509f41020245d12b4e03b0c6681826c72245d1f3,False,c584455fa3b51a54152148534733fdf90022ccefd515c1770417925f43ef5434,bc9dd2f34387090f83611022ed1b92c2e8cc6181b37baadbb75314f73aa6341c,/home/homulily/code/bcp-cpp/bcp /home/homulily/code/bcp-cpp/dataset/GEOM50.col 2G -t 3600,DESKTOP-RJQ30EQ,Linux-6.8.0-51-generic-x86_64-with-glibc2.39,c++ (Ubuntu 15.2.0-16ubuntu1) 15.2.0,Python 3.14.4; pandas 2.3.3; psutil 7.2.2,1,2026-08-14T06:36:06.448339+07:00,CaDiCaL,0,2G,3600,False,,False,False,
GEOM50a.col,50,238,62,4900,21412,OPTIMAL,50,0.0753353,0.264797,0.340132,66.46094,0,1,1,509f41020245d12b4e03b0c6681826c72245d1f3,False,09a35a2b65ed3e0dcd221ac73c5adb47901d19e134e9d9ce99d087c064f5b13b,bc9dd2f34387090f83611022ed1b92c2e8cc6181b37baadbb75314f73aa6341c,/home/homulily/code/bcp-cpp/bcp /home/homulily/code/bcp-cpp/dataset/GEOM50a.col 2G -t 3600,DESKTOP-RJQ30EQ,Linux-6.8.0-51-generic-x86_64-with-glibc2.39,c++ (Ubuntu 15.2.0-16ubuntu1) 15.2.0,Python 3.14.4; pandas 2.3.3; psutil 7.2.2,1,2026-08-14T06:36:06.867545+07:00,CaDiCaL,0,2G,3600,False,,False,False,
GEOM50b.col,50,249,55,3400,15216,OPTIMAL,35,0.0974745,0.117264,0.214739,63.83594,0,1,1,509f41020245d12b4e03b0c6681826c72245d1f3,False,7b21131c086e1fd406658aed26e1d79b31aa8f81bf25493c8658813e81076dca,bc9dd2f34387090f83611022ed1b92c2e8cc6181b37baadbb75314f73aa6341c,/home/homulily/code/bcp-cpp/bcp /home/homulily/code/bcp-cpp/dataset/GEOM50b.col 2G -t 3600,DESKTOP-RJQ30EQ,Linux-6.8.0-51-generic-x86_64-with-glibc2.39,c++ (Ubuntu 15.2.0-16ubuntu1) 15.2.0,Python 3.14.4; pandas 2.3.3; psutil 7.2.2,1,2026-08-14T06:36:07.151198+07:00,CaDiCaL,0,2G,3600,False,,False,False,
GEOM60.col,60,185,37,3840,13540,OPTIMAL,33,0.0203358,0.00689422,0.02723,51.04688,0,1,1,509f41020245d12b4e03b0c6681826c72245d1f3,False,9575aa95916bb0ddb24ac95ceb686ad79834715a8c3c97743905c76227ffa048,bc9dd2f34387090f83611022ed1b92c2e8cc6181b37baadbb75314f73aa6341c,/home/homulily/code/bcp-cpp/bcp /home/homulily/code/bcp-cpp/dataset/GEOM60.col 2G -t 3600,DESKTOP-RJQ30EQ,Linux-6.8.0-51-generic-x86_64-with-glibc2.39,c++ (Ubuntu 15.2.0-16ubuntu1) 15.2.0,Python 3.14.4; pandas 2.3.3; psutil 7.2.2,1,2026-08-14T06:36:07.260878+07:00,CaDiCaL,0,2G,3600,False,,False,False,
GEOM60a.col,60,339,62,5880,28311,OPTIMAL,50,0.0972806,0.330992,0.428273,68.89453,0,1,1,509f41020245d12b4e03b0c6681826c72245d1f3,False,c6266e394b59107ef80c14a3ed0d8dd4ae62c646238c8358f8080547a85fd68c,bc9dd2f34387090f83611022ed1b92c2e8cc6181b37baadbb75314f73aa6341c,/home/homulily/code/bcp-cpp/bcp /home/homulily/code/bcp-cpp/dataset/GEOM60a.col 2G -t 3600,DESKTOP-RJQ30EQ,Linux-6.8.0-51-generic-x86_64-with-glibc2.39,c++ (Ubuntu 15.2.0-16ubuntu1) 15.2.0,Python 3.14.4; pandas 2.3.3; psutil 7.2.2,1,2026-08-14T06:36:07.778313+07:00,CaDiCaL,0,2G,3600,False,,False,False,
GEOM60b.col,60,366,64,4800,24180,OPTIMAL,41,0.17012,0.661962,0.832082,68.51562,0,1,1,509f41020245d12b4e03b0c6681826c72245d1f3,False,8305498f1acbb0e13fc3e5b6756eebb72600bd69b237f5d836248a8d8e040f76,bc9dd2f34387090f83611022ed1b92c2e8cc6181b37baadbb75314f73aa6341c,/home/homulily/code/bcp-cpp/bcp /home/homulily/code/bcp-cpp/dataset/GEOM60b.col 2G -t 3600,DESKTOP-RJQ30EQ,Linux-6.8.0-51-generic-x86_64-with-glibc2.39,c++ (Ubuntu 15.2.0-16ubuntu1) 15.2.0,Python 3.14.4; pandas 2.3.3; psutil 7.2.2,1,2026-08-14T06:36:08.701997+07:00,CaDiCaL,0,2G,3600,False,,False,False,
GEOM70.col,70,267,45,5180,20169,OPTIMAL,38,0.0466249,0.0284736,0.0750985,51.04688,0,1,1,509f41020245d12b4e03b0c6681826c72245d1f3,False,6709158dd6a0c24605665511d543798f2cda198fb9b943c841d842af483b8b5f,bc9dd2f34387090f83611022ed1b92c2e8cc6181b37baadbb75314f73aa6341c,/home/homulily/code/bcp-cpp/bcp /home/homulily/code/bcp-cpp/dataset/GEOM70.col 2G -t 3600,DESKTOP-RJQ30EQ,Linux-6.8.0-51-generic-x86_64-with-glibc2.39,c++ (Ubuntu 15.2.0-16ubuntu1) 15.2.0,Python 3.14.4; pandas 2.3.3; psutil 7.2.2,1,2026-08-14T06:36:08.838059+07:00,CaDiCaL,0,2G,3600,False,,False,False,
GEOM70a.col,70,459,73,8400,44270,OPTIMAL,61,0.154031,2.38579,2.53982,76.20703,0,1,1,509f41020245d12b4e03b0c6681826c72245d1f3,False,e256a1a0b8f2637a931d35ffacdb28b715bcafa769a4bbedc21eb991683d0a40,bc9dd2f34387090f83611022ed1b92c2e8cc6181b37baadbb75314f73aa6341c,/home/homulily/code/bcp-cpp/bcp /home/homulily/code/bcp-cpp/dataset/GEOM70a.col 2G -t 3600,DESKTOP-RJQ30EQ,Linux-6.8.0-51-generic-x86_64-with-glibc2.39,c++ (Ubuntu 15.2.0-16ubuntu1) 15.2.0,Python 3.14.4; pandas 2.3.3; psutil 7.2.2,1,2026-08-14T06:36:11.419458+07:00,CaDiCaL,0,2G,3600,False,,False,False,
GEOM70b.col,70,488,77,6440,35258,OPTIMAL,47,0.328678,1.87091,2.19959,73.46875,0,1,1,509f41020245d12b4e03b0c6681826c72245d1f3,False,50b43cacfa298b2c9f4c05ca437a5559b357c8348aa59226bf3c2fd9b98b03b8,bc9dd2f34387090f83611022ed1b92c2e8cc6181b37baadbb75314f73aa6341c,/home/homulily/code/bcp-cpp/bcp /home/homulily/code/bcp-cpp/dataset/GEOM70b.col 2G -t 3600,DESKTOP-RJQ30EQ,Linux-6.8.0-51-generic-x86_64-with-glibc2.39,c++ (Ubuntu 15.2.0-16ubuntu1) 15.2.0,Python 3.14.4; pandas 2.3.3; psutil 7.2.2,1,2026-08-14T06:36:13.726550+07:00,CaDiCaL,0,2G,3600,False,,False,False,
GEOM80.col,80,349,55,6400,26680,OPTIMAL,41,0.12778,0.059686,0.187466,66.95312,0,1,1,509f41020245d12b4e03b0c6681826c72245d1f3,False,46454b38ff8d83fe0020c6f3e5408c0ca37e868bc79f74749c4a8e555730df9c,bc9dd2f34387090f83611022ed1b92c2e8cc6181b37baadbb75314f73aa6341c,/home/homulily/code/bcp-cpp/bcp /home/homulily/code/bcp-cpp/dataset/GEOM80.col 2G -t 3600,DESKTOP-RJQ30EQ,Linux-6.8.0-51-generic-x86_64-with-glibc2.39,c++ (Ubuntu 15.2.0-16ubuntu1) 15.2.0,Python 3.14.4; pandas 2.3.3; psutil 7.2.2,1,2026-08-14T06:36:14.011965+07:00,CaDiCaL,0,2G,3600,False,,False,False,
GEOM80a.col,80,612,80,9920,57704,OPTIMAL,63,0.274331,5.86555,6.13988,110.83984,0,1,1,509f41020245d12b4e03b0c6681826c72245d1f3,False,f8cd1c510008df8e302411facc59a809be027620b27f632f811c1c94c76d78c9,bc9dd2f34387090f83611022ed1b92c2e8cc6181b37baadbb75314f73aa6341c,/home/homulily/code/bcp-cpp/bcp /home/homulily/code/bcp-cpp/dataset/GEOM80a.col 2G -t 3600,DESKTOP-RJQ30EQ,Linux-6.8.0-51-generic-x86_64-with-glibc2.39,c++ (Ubuntu 15.2.0-16ubuntu1) 15.2.0,Python 3.14.4; pandas 2.3.3; psutil 7.2.2,1,2026-08-14T06:36:20.288438+07:00,CaDiCaL,0,2G,3600,False,,False,False,
GEOM80b.col,80,663,99,9440,57917,OPTIMAL,60,0.686668,3.96619,4.65285,111.83984,0,1,1,509f41020245d12b4e03b0c6681826c72245d1f3,False,a8dcc40cfc8d87903196406f815c4d512a7c68e3e966538768a0601bfac7d301,bc9dd2f34387090f83611022ed1b92c2e8cc6181b37baadbb75314f73aa6341c,/home/homulily/code/bcp-cpp/bcp /home/homulily/code/bcp-cpp/dataset/GEOM80b.col 2G -t 3600,DESKTOP-RJQ30EQ,Linux-6.8.0-51-generic-x86_64-with-glibc2.39,c++ (Ubuntu 15.2.0-16ubuntu1) 15.2.0,Python 3.14.4; pandas 2.3.3; psutil 7.2.2,1,2026-08-14T06:36:25.106716+07:00,CaDiCaL,0,2G,3600,False,,False,False,
GEOM90.col,90,441,55,8100,35955,OPTIMAL,46,0.0998589,0.0909485,0.190807,69.38281,0,1,1,509f41020245d12b4e03b0c6681826c72245d1f3,False,8b99774b70737296ed7b4c8a3ad9ec1827182467166c5e7c93a1c2117473f7cf,bc9dd2f34387090f83611022ed1b92c2e8cc6181b37baadbb75314f73aa6341c,/home/homulily/code/bcp-cpp/bcp /home/homulily/code/bcp-cpp/dataset/GEOM90.col 2G -t 3600,DESKTOP-RJQ30EQ,Linux-6.8.0-51-generic-x86_64-with-glibc2.39,c++ (Ubuntu 15.2.0-16ubuntu1) 15.2.0,Python 3.14.4; pandas 2.3.3; psutil 7.2.2,1,2026-08-14T06:36:25.410915+07:00,CaDiCaL,0,2G,3600,False,,False,False,
GEOM90a.col,90,789,81,11160,71148,OPTIMAL,63,0.354969,5.57101,5.92598,114.92578,0,1,1,509f41020245d12b4e03b0c6681826c72245d1f3,False,254a4ba130fad8005c03d2288438d16ff5c3768cb05ebe3b37929f9f3247a1df,bc9dd2f34387090f83611022ed1b92c2e8cc6181b37baadbb75314f73aa6341c,/home/homulily/code/bcp-cpp/bcp /home/homulily/code/bcp-cpp/dataset/GEOM90a.col 2G -t 3600,DESKTOP-RJQ30EQ,Linux-6.8.0-51-generic-x86_64-with-glibc2.39,c++ (Ubuntu 15.2.0-16ubuntu1) 15.2.0,Python 3.14.4; pandas 2.3.3; psutil 7.2.2,1,2026-08-14T06:36:31.488503+07:00,CaDiCaL,0,2G,3600,False,,False,False,
GEOM90b.col,90,860,110,12240,82870,OPTIMAL,69,1.01351,41.9026,42.9161,124.10156,0,1,1,509f41020245d12b4e03b0c6681826c72245d1f3,False,e293687b9c36702121066f37ac02cf4e8901dbaa3fd5ba7e864b0e00ba74fac3,bc9dd2f34387090f83611022ed1b92c2e8cc6181b37baadbb75314f73aa6341c,/home/homulily/code/bcp-cpp/bcp /home/homulily/code/bcp-cpp/dataset/GEOM90b.col 2G -t 3600,DESKTOP-RJQ30EQ,Linux-6.8.0-51-generic-x86_64-with-glibc2.39,c++ (Ubuntu 15.2.0-16ubuntu1) 15.2.0,Python 3.14.4; pandas 2.3.3; psutil 7.2.2,1,2026-08-14T06:37:14.613710+07:00,CaDiCaL,0,2G,3600,False,,False,False,
c21_1_d1.col,21,102,8,252,1095,OPTIMAL,7,0.000925756,0.00214125,0.003067,50.48828,0,1,1,509f41020245d12b4e03b0c6681826c72245d1f3,False,f838258c4c693e09ad2cc97943c674fc5b2ee14e0f97961fdfdeb239b8436773,bc9dd2f34387090f83611022ed1b92c2e8cc6181b37baadbb75314f73aa6341c,/home/homulily/code/bcp-cpp/bcp /home/homulily/code/bcp-cpp/dataset/c21_1_d1.col 2G -t 3600,DESKTOP-RJQ30EQ,Linux-6.8.0-51-generic-x86_64-with-glibc2.39,c++ (Ubuntu 15.2.0-16ubuntu1) 15.2.0,Python 3.14.4; pandas 2.3.3; psutil 7.2.2,1,2026-08-14T06:37:14.721495+07:00,CaDiCaL,0,2G,3600,False,,False,False,
c21_1_d2.col,21,102,8,252,1095,OPTIMAL,7,0.00106403,0.00219097,0.003255,50.92578,0,1,1,509f41020245d12b4e03b0c6681826c72245d1f3,False,17ff4bba73f02ee89dd3d91ccbca1a01ac0062c8872237c8916bc44590d256d5,bc9dd2f34387090f83611022ed1b92c2e8cc6181b37baadbb75314f73aa6341c,/home/homulily/code/bcp-cpp/bcp /home/homulily/code/bcp-cpp/dataset/c21_1_d2.col 2G -t 3600,DESKTOP-RJQ30EQ,Linux-6.8.0-51-generic-x86_64-with-glibc2.39,c++ (Ubuntu 15.2.0-16ubuntu1) 15.2.0,Python 3.14.4; pandas 2.3.3; psutil 7.2.2,1,2026-08-14T06:37:14.828597+07:00,CaDiCaL,0,2G,3600,False,,False,False,
c21_2_d1.col,21,102,12,336,1467,OPTIMAL,9,0.0021505,0.00273198,0.00488248,51.05078,0,1,1,509f41020245d12b4e03b0c6681826c72245d1f3,False,bc5ff196032b38d098ccbb833a33557f397c0d16b5f8a281ddda8141f182fab6,bc9dd2f34387090f83611022ed1b92c2e8cc6181b37baadbb75314f73aa6341c,/home/homulily/code/bcp-cpp/bcp /home/homulily/code/bcp-cpp/dataset/c21_2_d1.col 2G -t 3600,DESKTOP-RJQ30EQ,Linux-6.8.0-51-generic-x86_64-with-glibc2.39,c++ (Ubuntu 15.2.0-16ubuntu1) 15.2.0,Python 3.14.4; pandas 2.3.3; psutil 7.2.2,1,2026-08-14T06:37:14.937755+07:00,CaDiCaL,0,2G,3600,False,,False,False,
c21_2_d2.col,21,102,12,336,1467,OPTIMAL,9,0.00209763,0.00269018,0.00478781,50.61328,0,1,1,509f41020245d12b4e03b0c6681826c72245d1f3,False,357f7cf6535a13a2109dbf9d363efff9cc6e0038fccf653c1dafc7e92e00fe01,bc9dd2f34387090f83611022ed1b92c2e8cc6181b37baadbb75314f73aa6341c,/home/homulily/code/bcp-cpp/bcp /home/homulily/code/bcp-cpp/dataset/c21_2_d2.col 2G -t 3600,DESKTOP-RJQ30EQ,Linux-6.8.0-51-generic-x86_64-with-glibc2.39,c++ (Ubuntu 15.2.0-16ubuntu1) 15.2.0,Python 3.14.4; pandas 2.3.3; psutil 7.2.2,1,2026-08-14T06:37:15.045481+07:00,CaDiCaL,0,2G,3600,False,,False,False,
c21_3_d1.col,21,102,8,252,1095,OPTIMAL,7,0.000896428,0.00206372,0.00296015,50.80078,0,1,1,509f41020245d12b4e03b0c6681826c72245d1f3,False,2765b742e9eb99580ca620c1af200f5de170405ca0f8ef34101dec9696c2f9ee,bc9dd2f34387090f83611022ed1b92c2e8cc6181b37baadbb75314f73aa6341c,/home/homulily/code/bcp-cpp/bcp /home/homulily/code/bcp-cpp/dataset/c21_3_d1.col 2G -t 3600,DESKTOP-RJQ30EQ,Linux-6.8.0-51-generic-x86_64-with-glibc2.39,c++ (Ubuntu 15.2.0-16ubuntu1) 15.2.0,Python 3.14.4; pandas 2.3.3; psutil 7.2.2,1,2026-08-14T06:37:15.150182+07:00,CaDiCaL,0,2G,3600,False,,False,False,
c21_3_d2.col,21,102,8,252,1095,OPTIMAL,7,0.000922541,0.00210848,0.00303102,51.05078,0,1,1,509f41020245d12b4e03b0c6681826c72245d1f3,False,5274c4b0e9751b679b2b38ab34627c4d1eca543d53c9c4086f61ec64f8ee1c6f,bc9dd2f34387090f83611022ed1b92c2e8cc6181b37baadbb75314f73aa6341c,/home/homulily/code/bcp-cpp/bcp /home/homulily/code/bcp-cpp/dataset/c21_3_d2.col 2G -t 3600,DESKTOP-RJQ30EQ,Linux-6.8.0-51-generic-x86_64-with-glibc2.39,c++ (Ubuntu 15.2.0-16ubuntu1) 15.2.0,Python 3.14.4; pandas 2.3.3; psutil 7.2.2,1,2026-08-14T06:37:15.257980+07:00,CaDiCaL,0,2G,3600,False,,False,False,
c21_4_d1.col,21,102,12,336,1467,OPTIMAL,9,0.00208466,0.00272535,0.00481001,50.73828,0,1,1,509f41020245d12b4e03b0c6681826c72245d1f3,False,19dd5b83496200f38741c1f02f9fc646d0eae6d2a435789be0650d1e3455d42b,bc9dd2f34387090f83611022ed1b92c2e8cc6181b37baadbb75314f73aa6341c,/home/homulily/code/bcp-cpp/bcp /home/homulily/code/bcp-cpp/dataset/c21_4_d1.col 2G -t 3600,DESKTOP-RJQ30EQ,Linux-6.8.0-51-generic-x86_64-with-glibc2.39,c++ (Ubuntu 15.2.0-16ubuntu1) 15.2.0,Python 3.14.4; pandas 2.3.3; psutil 7.2.2,1,2026-08-14T06:37:15.366904+07:00,CaDiCaL,0,2G,3600,False,,False,False,
c21_4_d2.col,21,102,12,336,1467,OPTIMAL,9,0.00208193,0.00276293,0.00484486,50.80078,0,1,1,509f41020245d12b4e03b0c6681826c72245d1f3,False,dcae409f3fa775f5d64e2a1c13109513f71b4261ac6646fa06061715bb34c40c,bc9dd2f34387090f83611022ed1b92c2e8cc6181b37baadbb75314f73aa6341c,/home/homulily/code/bcp-cpp/bcp /home/homulily/code/bcp-cpp/dataset/c21_4_d2.col 2G -t 3600,DESKTOP-RJQ30EQ,Linux-6.8.0-51-generic-x86_64-with-glibc2.39,c++ (Ubuntu 15.2.0-16ubuntu1) 15.2.0,Python 3.14.4; pandas 2.3.3; psutil 7.2.2,1,2026-08-14T06:37:15.474400+07:00,CaDiCaL,0,2G,3600,False,,False,False,
c21_5_d1.col,21,102,8,252,1095,OPTIMAL,7,0.000914615,0.0024767,0.00339131,51.05078,0,1,1,509f41020245d12b4e03b0c6681826c72245d1f3,False,9b48d14af7b6c13caa07b34bb084a2f18f2bbe1f27e4357c5d1d30b214e43ba0,bc9dd2f34387090f83611022ed1b92c2e8cc6181b37baadbb75314f73aa6341c,/home/homulily/code/bcp-cpp/bcp /home/homulily/code/bcp-cpp/dataset/c21_5_d1.col 2G -t 3600,DESKTOP-RJQ30EQ,Linux-6.8.0-51-generic-x86_64-with-glibc2.39,c++ (Ubuntu 15.2.0-16ubuntu1) 15.2.0,Python 3.14.4; pandas 2.3.3; psutil 7.2.2,1,2026-08-14T06:37:15.579469+07:00,CaDiCaL,0,2G,3600,False,,False,False,
c21_5_d2.col,21,102,8,252,1095,OPTIMAL,7,0.000894722,0.00224703,0.00314175,50.86328,0,1,1,509f41020245d12b4e03b0c6681826c72245d1f3,False,bfa272eb474be3d829f6ae72dc0b350e3cc16cae91bd5b0268f9d7d42e029bdf,bc9dd2f34387090f83611022ed1b92c2e8cc6181b37baadbb75314f73aa6341c,/home/homulily/code/bcp-cpp/bcp /home/homulily/code/bcp-cpp/dataset/c21_5_d2.col 2G -t 3600,DESKTOP-RJQ30EQ,Linux-6.8.0-51-generic-x86_64-with-glibc2.39,c++ (Ubuntu 15.2.0-16ubuntu1) 15.2.0,Python 3.14.4; pandas 2.3.3; psutil 7.2.2,1,2026-08-14T06:37:15.687341+07:00,CaDiCaL,0,2G,3600,False,,False,False,
c21_6_d1.col,21,102,12,336,1467,OPTIMAL,9,0.00208611,0.00283314,0.00491924,50.80078,0,1,1,509f41020245d12b4e03b0c6681826c72245d1f3,False,67f709a59420aa411b280438ae2a69559cb89dbc2a475e7237b5ff6beb322fc2,bc9dd2f34387090f83611022ed1b92c2e8cc6181b37baadbb75314f73aa6341c,/home/homulily/code/bcp-cpp/bcp /home/homulily/code/bcp-cpp/dataset/c21_6_d1.col 2G -t 3600,DESKTOP-RJQ30EQ,Linux-6.8.0-51-generic-x86_64-with-glibc2.39,c++ (Ubuntu 15.2.0-16ubuntu1) 15.2.0,Python 3.14.4; pandas 2.3.3; psutil 7.2.2,1,2026-08-14T06:37:15.797126+07:00,CaDiCaL,0,2G,3600,False,,False,False,
c21_6_d2.col,21,102,12,336,1467,OPTIMAL,9,0.00233451,0.00276861,0.00510312,50.36328,0,1,1,509f41020245d12b4e03b0c6681826c72245d1f3,False,75ba8238057f4be94630617bff4cf631976862699cffdb81bcbe628b6f5af066,bc9dd2f34387090f83611022ed1b92c2e8cc6181b37baadbb75314f73aa6341c,/home/homulily/code/bcp-cpp/bcp /home/homulily/code/bcp-cpp/dataset/c21_6_d2.col 2G -t 3600,DESKTOP-RJQ30EQ,Linux-6.8.0-51-generic-x86_64-with-glibc2.39,c++ (Ubuntu 15.2.0-16ubuntu1) 15.2.0,Python 3.14.4; pandas 2.3.3; psutil 7.2.2,1,2026-08-14T06:37:15.903556+07:00,CaDiCaL,0,2G,3600,False,,False,False,
c21_7_d1.col,21,102,8,252,1095,OPTIMAL,7,0.000977446,0.00202708,0.00300452,50.80078,0,1,1,509f41020245d12b4e03b0c6681826c72245d1f3,False,a5740086f18083fcf131d5f89bf75b7673b05dfb0366edb4c45fca95b2789986,bc9dd2f34387090f83611022ed1b92c2e8cc6181b37baadbb75314f73aa6341c,/home/homulily/code/bcp-cpp/bcp /home/homulily/code/bcp-cpp/dataset/c21_7_d1.col 2G -t 3600,DESKTOP-RJQ30EQ,Linux-6.8.0-51-generic-x86_64-with-glibc2.39,c++ (Ubuntu 15.2.0-16ubuntu1) 15.2.0,Python 3.14.4; pandas 2.3.3; psutil 7.2.2,1,2026-08-14T06:37:16.008224+07:00,CaDiCaL,0,2G,3600,False,,False,False,
c21_7_d2.col,21,102,8,252,1095,OPTIMAL,7,0.000879044,0.00220524,0.00308428,50.73828,0,1,1,509f41020245d12b4e03b0c6681826c72245d1f3,False,ac84b1b113bb6b57a70caec3bc248b94cc90c0bb1186f65645d78821eb05adbd,bc9dd2f34387090f83611022ed1b92c2e8cc6181b37baadbb75314f73aa6341c,/home/homulily/code/bcp-cpp/bcp /home/homulily/code/bcp-cpp/dataset/c21_7_d2.col 2G -t 3600,DESKTOP-RJQ30EQ,Linux-6.8.0-51-generic-x86_64-with-glibc2.39,c++ (Ubuntu 15.2.0-16ubuntu1) 15.2.0,Python 3.14.4; pandas 2.3.3; psutil 7.2.2,1,2026-08-14T06:37:16.115734+07:00,CaDiCaL,0,2G,3600,False,,False,False,
c21_8_d1.col,21,102,12,336,1467,OPTIMAL,9,0.00216067,0.00273825,0.00489892,50.42578,0,1,1,509f41020245d12b4e03b0c6681826c72245d1f3,False,bb8a14faad6327dbd85291090c1bdb4c5568aa8d9d5a7bd53c8654f3ab113224,bc9dd2f34387090f83611022ed1b92c2e8cc6181b37baadbb75314f73aa6341c,/home/homulily/code/bcp-cpp/bcp /home/homulily/code/bcp-cpp/dataset/c21_8_d1.col 2G -t 3600,DESKTOP-RJQ30EQ,Linux-6.8.0-51-generic-x86_64-with-glibc2.39,c++ (Ubuntu 15.2.0-16ubuntu1) 15.2.0,Python 3.14.4; pandas 2.3.3; psutil 7.2.2,1,2026-08-14T06:37:16.224578+07:00,CaDiCaL,0,2G,3600,False,,False,False,
c21_8_d2.col,21,102,12,336,1467,OPTIMAL,9,0.00216233,0.00269813,0.00486046,50.80078,0,1,1,509f41020245d12b4e03b0c6681826c72245d1f3,False,f5ba7310979dcec808371e784a264f60b7a9480e3c89e6597cce412caf40d991,bc9dd2f34387090f83611022ed1b92c2e8cc6181b37baadbb75314f73aa6341c,/home/homulily/code/bcp-cpp/bcp /home/homulily/code/bcp-cpp/dataset/c21_8_d2.col 2G -t 3600,DESKTOP-RJQ30EQ,Linux-6.8.0-51-generic-x86_64-with-glibc2.39,c++ (Ubuntu 15.2.0-16ubuntu1) 15.2.0,Python 3.14.4; pandas 2.3.3; psutil 7.2.2,1,2026-08-14T06:37:16.332608+07:00,CaDiCaL,0,2G,3600,False,,False,False,
c25_1_d3.col,25,134,8,350,1613,OPTIMAL,8,0.000810974,0.0112701,0.0120811,50.86328,0,1,1,509f41020245d12b4e03b0c6681826c72245d1f3,False,1ea6804dc4a8d52338e7935ca90ec544a6f93a27cd092508d5f2a4a4309660a3,bc9dd2f34387090f83611022ed1b92c2e8cc6181b37baadbb75314f73aa6341c,/home/homulily/code/bcp-cpp/bcp /home/homulily/code/bcp-cpp/dataset/c25_1_d3.col 2G -t 3600,DESKTOP-RJQ30EQ,Linux-6.8.0-51-generic-x86_64-with-glibc2.39,c++ (Ubuntu 15.2.0-16ubuntu1) 15.2.0,Python 3.14.4; pandas 2.3.3; psutil 7.2.2,1,2026-08-14T06:37:16.447206+07:00,CaDiCaL,0,2G,3600,False,,False,False,
c25_1_d4.col,25,134,8,350,1613,OPTIMAL,8,0.000792748,0.0111356,0.0119283,51.05078,0,1,1,509f41020245d12b4e03b0c6681826c72245d1f3,False,eff8f52de9e723400f83c97d0ec2abe45e41b6038672e20a4a4081e4715aca85,bc9dd2f34387090f83611022ed1b92c2e8cc6181b37baadbb75314f73aa6341c,/home/homulily/code/bcp-cpp/bcp /home/homulily/code/bcp-cpp/dataset/c25_1_d4.col 2G -t 3600,DESKTOP-RJQ30EQ,Linux-6.8.0-51-generic-x86_64-with-glibc2.39,c++ (Ubuntu 15.2.0-16ubuntu1) 15.2.0,Python 3.14.4; pandas 2.3.3; psutil 7.2.2,1,2026-08-14T06:37:16.554957+07:00,CaDiCaL,0,2G,3600,False,,False,False,
c55_1_d1.col,55,362,9,660,3437,OPTIMAL,7,0.00371831,0.00348039,0.00719871,50.86328,0,1,1,509f41020245d12b4e03b0c6681826c72245d1f3,False,483fac5e0df65a27f7312e2883f8f90c17f26d3a7bdd50c333212ca635e3f2e6,bc9dd2f34387090f83611022ed1b92c2e8cc6181b37baadbb75314f73aa6341c,/home/homulily/code/bcp-cpp/bcp /home/homulily/code/bcp-cpp/dataset/c55_1_d1.col 2G -t 3600,DESKTOP-RJQ30EQ,Linux-6.8.0-51-generic-x86_64-with-glibc2.39,c++ (Ubuntu 15.2.0-16ubuntu1) 15.2.0,Python 3.14.4; pandas 2.3.3; psutil 7.2.2,1,2026-08-14T06:37:16.657452+07:00,CaDiCaL,0,2G,3600,False,,False,False,
c55_2_d2.col,55,362,9,660,3437,OPTIMAL,7,0.00363797,0.00368556,0.00732353,50.55078,0,1,1,509f41020245d12b4e03b0c6681826c72245d1f3,False,7b0078b893aeb838a0f5f0b3ece5f1505f2c0981a98c59561af4c69742a59ad6,bc9dd2f34387090f83611022ed1b92c2e8cc6181b37baadbb75314f73aa6341c,/home/homulily/code/bcp-cpp/bcp /home/homulily/code/bcp-cpp/dataset/c55_2_d2.col 2G -t 3600,DESKTOP-RJQ30EQ,Linux-6.8.0-51-generic-x86_64-with-glibc2.39,c++ (Ubuntu 15.2.0-16ubuntu1) 15.2.0,Python 3.14.4; pandas 2.3.3; psutil 7.2.2,1,2026-08-14T06:37:16.764595+07:00,CaDiCaL,0,2G,3600,False,,False,False,
GEOM100.col,100,547,65,9800,46303,OPTIMAL,50,0.203215,0.458413,0.661628,73.48828,0,1,2,509f41020245d12b4e03b0c6681826c72245d1f3,False,91be09009a797c20a68cfb43f78cb01019c2cfdb8915d86e640e95938c315b19,bc9dd2f34387090f83611022ed1b92c2e8cc6181b37baadbb75314f73aa6341c,/home/homulily/code/bcp-cpp/bcp /home/homulily/code/bcp-cpp/dataset/GEOM100.col 2G -t 3600,DESKTOP-RJQ30EQ,Linux-6.8.0-51-generic-x86_64-with-glibc2.39,c++ (Ubuntu 15.2.0-16ubuntu1) 15.2.0,Python 3.14.4; pandas 2.3.3; psutil 7.2.2,1,2026-08-14T06:37:17.554552+07:00,CaDiCaL,0,2G,3600,False,,False,False,
GEOM100a.col,100,992,92,13000,90380,OPTIMAL,66,0.660562,119.858,120.519,146.08594,0,1,2,509f41020245d12b4e03b0c6681826c72245d1f3,False,630c8dde843161518427f8d7ef92d9d1373781a7e028e2918c0070a86261b0f7,bc9dd2f34387090f83611022ed1b92c2e8cc6181b37baadbb75314f73aa6341c,/home/homulily/code/bcp-cpp/bcp /home/homulily/code/bcp-cpp/dataset/GEOM100a.col 2G -t 3600,DESKTOP-RJQ30EQ,Linux-6.8.0-51-generic-x86_64-with-glibc2.39,c++ (Ubuntu 15.2.0-16ubuntu1) 15.2.0,Python 3.14.4; pandas 2.3.3; psutil 7.2.2,1,2026-08-14T06:39:18.170426+07:00,CaDiCaL,0,2G,3600,False,,False,False,
GEOM100b.col,100,1050,122,14000,101400,OPTIMAL,71,1.58655,51.319,52.9056,124.40234,0,1,2,509f41020245d12b4e03b0c6681826c72245d1f3,False,14092a37b220ef17894222b959c735f68203286fc653930904fe5f13c3741ce5,bc9dd2f34387090f83611022ed1b92c2e8cc6181b37baadbb75314f73aa6341c,/home/homulily/code/bcp-cpp/bcp /home/homulily/code/bcp-cpp/dataset/GEOM100b.col 2G -t 3600,DESKTOP-RJQ30EQ,Linux-6.8.0-51-generic-x86_64-with-glibc2.39,c++ (Ubuntu 15.2.0-16ubuntu1) 15.2.0,Python 3.14.4; pandas 2.3.3; psutil 7.2.2,1,2026-08-14T06:40:11.374314+07:00,CaDiCaL,0,2G,3600,False,,False,False,
GEOM110.col,110,638,65,10780,52712,OPTIMAL,50,0.231071,0.459697,0.690768,77.45703,0,1,2,509f41020245d12b4e03b0c6681826c72245d1f3,False,2c127a146238aee20765edfcc35a16dc2fd856e5577bfe6afdc859b7dcaddb49,bc9dd2f34387090f83611022ed1b92c2e8cc6181b37baadbb75314f73aa6341c,/home/homulily/code/bcp-cpp/bcp /home/homulily/code/bcp-cpp/dataset/GEOM110.col 2G -t 3600,DESKTOP-RJQ30EQ,Linux-6.8.0-51-generic-x86_64-with-glibc2.39,c++ (Ubuntu 15.2.0-16ubuntu1) 15.2.0,Python 3.14.4; pandas 2.3.3; psutil 7.2.2,1,2026-08-14T06:40:12.129303+07:00,CaDiCaL,0,2G,3600,False,,False,False,
GEOM110a.col,110,1207,110,14960,111886,OPTIMAL,69,1.36285,99.737,101.1,134.94531,0,1,2,509f41020245d12b4e03b0c6681826c72245d1f3,False,9c37e408d641c20a1fc834cdfa27c50a49e532300506da93442ee8f07c8f7d3c,bc9dd2f34387090f83611022ed1b92c2e8cc6181b37baadbb75314f73aa6341c,/home/homulily/code/bcp-cpp/bcp /home/homulily/code/bcp-cpp/dataset/GEOM110a.col 2G -t 3600,DESKTOP-RJQ30EQ,Linux-6.8.0-51-generic-x86_64-with-glibc2.39,c++ (Ubuntu 15.2.0-16ubuntu1) 15.2.0,Python 3.14.4; pandas 2.3.3; psutil 7.2.2,1,2026-08-14T06:41:53.492919+07:00,CaDiCaL,0,2G,3600,False,,False,False,
GEOM110b.col,110,1256,122,16720,128786,OPTIMAL,77,1.70614,227.361,229.067,145.33984,0,1,2,509f41020245d12b4e03b0c6681826c72245d1f3,False,aea172a16bc42de0504b35909d35fce000ded1613c496d28ea719a2d44ba7c51,bc9dd2f34387090f83611022ed1b92c2e8cc6181b37baadbb75314f73aa6341c,/home/homulily/code/bcp-cpp/bcp /home/homulily/code/bcp-cpp/dataset/GEOM110b.col 2G -t 3600,DESKTOP-RJQ30EQ,Linux-6.8.0-51-generic-x86_64-with-glibc2.39,c++ (Ubuntu 15.2.0-16ubuntu1) 15.2.0,Python 3.14.4; pandas 2.3.3; psutil 7.2.2,1,2026-08-14T06:45:42.850777+07:00,CaDiCaL,0,2G,3600,False,,False,False,
GEOM120.col,120,773,74,13920,72554,OPTIMAL,59,0.313527,1.97484,2.28836,82.74609,0,1,2,509f41020245d12b4e03b0c6681826c72245d1f3,False,26357a9d4e2d8b08cdf055e2a882589f86c22c313fd9674a7f44b405c2aade4a,bc9dd2f34387090f83611022ed1b92c2e8cc6181b37baadbb75314f73aa6341c,/home/homulily/code/bcp-cpp/bcp /home/homulily/code/bcp-cpp/dataset/GEOM120.col 2G -t 3600,DESKTOP-RJQ30EQ,Linux-6.8.0-51-generic-x86_64-with-glibc2.39,c++ (Ubuntu 15.2.0-16ubuntu1) 15.2.0,Python 3.14.4; pandas 2.3.3; psutil 7.2.2,1,2026-08-14T06:45:45.257570+07:00,CaDiCaL,0,2G,3600,False,,False,False,
GEOM120a.col,120,1434,110,19440,154914,OPTIMAL,82,1.20112,142.618,143.819,146.55078,0,1,2,509f41020245d12b4e03b0c6681826c72245d1f3,False,a920a2c75d8d4fde3a531cb30857d83f245364a0b88d5a18f86336b96bf07ab6,bc9dd2f34387090f83611022ed1b92c2e8cc6181b37baadbb75314f73aa6341c,/home/homulily/code/bcp-cpp/bcp /home/homulily/code/bcp-cpp/dataset/GEOM120a.col 2G -t 3600,DESKTOP-RJQ30EQ,Linux-6.8.0-51-generic-x86_64-with-glibc2.39,c++ (Ubuntu 15.2.0-16ubuntu1) 15.2.0,Python 3.14.4; pandas 2.3.3; psutil 7.2.2,1,2026-08-14T06:48:09.321150+07:00,CaDiCaL,0,2G,3600,False,,False,False,
GEOM120b.col,120,1491,124,19680,161502,OPTIMAL,83,1.89842,2573.56,2575.46,256.59766,0,1,2,509f41020245d12b4e03b0c6681826c72245d1f3,False,745355ab3817a87504580de4d77629dce60b8f48ea8fb2c5da33224e8ef92e29,bc9dd2f34387090f83611022ed1b92c2e8cc6181b37baadbb75314f73aa6341c,/home/homulily/code/bcp-cpp/bcp /home/homulily/code/bcp-cpp/dataset/GEOM120b.col 2G -t 3600,DESKTOP-RJQ30EQ,Linux-6.8.0-51-generic-x86_64-with-glibc2.39,c++ (Ubuntu 15.2.0-16ubuntu1) 15.2.0,Python 3.14.4; pandas 2.3.3; psutil 7.2.2,1,2026-08-14T07:31:05.071616+07:00,CaDiCaL,0,2G,3600,False,,False,False,
GEOM20.col,20,20,25,800,1980,OPTIMAL,21,0.00324951,0.00173123,0.00498074,51.05078,0,1,2,509f41020245d12b4e03b0c6681826c72245d1f3,False,08ed5ea76ef3bcb2228f4669162b3aa8c234de6a4dd75c3155a603919bc0167a,bc9dd2f34387090f83611022ed1b92c2e8cc6181b37baadbb75314f73aa6341c,/home/homulily/code/bcp-cpp/bcp /home/homulily/code/bcp-cpp/dataset/GEOM20.col 2G -t 3600,DESKTOP-RJQ30EQ,Linux-6.8.0-51-generic-x86_64-with-glibc2.39,c++ (Ubuntu 15.2.0-16ubuntu1) 15.2.0,Python 3.14.4; pandas 2.3.3; psutil 7.2.2,1,2026-08-14T07:31:05.123623+07:00,CaDiCaL,0,2G,3600,False,,False,False,
GEOM20a.col,20,37,25,760,2203,OPTIMAL,20,0.00437197,0.00174619,0.00611816,50.42578,0,1,2,509f41020245d12b4e03b0c6681826c72245d1f3,False,5fe086947cbc99c9630087a727d0c9fe00065a9c4f6d6ebea7115ab4a8c161fb,bc9dd2f34387090f83611022ed1b92c2e8cc6181b37baadbb75314f73aa6341c,/home/homulily/code/bcp-cpp/bcp /home/homulily/code/bcp-cpp/dataset/GEOM20a.col 2G -t 3600,DESKTOP-RJQ30EQ,Linux-6.8.0-51-generic-x86_64-with-glibc2.39,c++ (Ubuntu 15.2.0-16ubuntu1) 15.2.0,Python 3.14.4; pandas 2.3.3; psutil 7.2.2,1,2026-08-14T07:31:05.229000+07:00,CaDiCaL,0,2G,3600,False,,False,False,
GEOM20b.col,20,32,17,480,1324,OPTIMAL,13,0.00258934,0.000970851,0.00356019,51.05078,0,1,2,509f41020245d12b4e03b0c6681826c72245d1f3,False,6be144806384554ada26f70be526ed0d42afb61a447cd96f826be5dbcf60288a,bc9dd2f34387090f83611022ed1b92c2e8cc6181b37baadbb75314f73aa6341c,/home/homulily/code/bcp-cpp/bcp /home/homulily/code/bcp-cpp/dataset/GEOM20b.col 2G -t 3600,DESKTOP-RJQ30EQ,Linux-6.8.0-51-generic-x86_64-with-glibc2.39,c++ (Ubuntu 15.2.0-16ubuntu1) 15.2.0,Python 3.14.4; pandas 2.3.3; psutil 7.2.2,1,2026-08-14T07:31:05.334230+07:00,CaDiCaL,0,2G,3600,False,,False,False,
GEOM30.col,30,50,34,1620,4560,OPTIMAL,28,0.00993623,0.00354854,0.0134848,51.05078,0,1,2,509f41020245d12b4e03b0c6681826c72245d1f3,False,489bd893683e4c3672aba625abb2643d68f9c2a6d3776c9b26400831c548bd51,bc9dd2f34387090f83611022ed1b92c2e8cc6181b37baadbb75314f73aa6341c,/home/homulily/code/bcp-cpp/bcp /home/homulily/code/bcp-cpp/dataset/GEOM30.col 2G -t 3600,DESKTOP-RJQ30EQ,Linux-6.8.0-51-generic-x86_64-with-glibc2.39,c++ (Ubuntu 15.2.0-16ubuntu1) 15.2.0,Python 3.14.4; pandas 2.3.3; psutil 7.2.2,1,2026-08-14T07:31:05.454028+07:00,CaDiCaL,0,2G,3600,False,,False,False,
GEOM30a.col,30,81,33,1560,5196,OPTIMAL,27,0.010528,0.00406827,0.0145963,51.05078,0,1,2,509f41020245d12b4e03b0c6681826c72245d1f3,False,10bfa32a02f1c8633027611fc7eb773d3d5088d3bc49d1419471fc4ca266eca9,bc9dd2f34387090f83611022ed1b92c2e8cc6181b37baadbb75314f73aa6341c,/home/homulily/code/bcp-cpp/bcp /home/homulily/code/bcp-cpp/dataset/GEOM30a.col 2G -t 3600,DESKTOP-RJQ30EQ,Linux-6.8.0-51-generic-x86_64-with-glibc2.39,c++ (Ubuntu 15.2.0-16ubuntu1) 15.2.0,Python 3.14.4; pandas 2.3.3; psutil 7.2.2,1,2026-08-14T07:31:05.563300+07:00,CaDiCaL,0,2G,3600,False,,False,False,
GEOM30b.col,30,81,28,1500,4995,OPTIMAL,26,0.00497007,0.00144559,0.00641566,51.05078,0,1,2,509f41020245d12b4e03b0c6681826c72245d1f3,False,41e7babfc1e85334f1653ee7e88e11a11b0065ce2d50a72a801b4b00cfe2330a,bc9dd2f34387090f83611022ed1b92c2e8cc6181b37baadbb75314f73aa6341c,/home/homulily/code/bcp-cpp/bcp /home/homulily/code/bcp-cpp/dataset/GEOM30b.col 2G -t 3600,DESKTOP-RJQ30EQ,Linux-6.8.0-51-generic-x86_64-with-glibc2.39,c++ (Ubuntu 15.2.0-16ubuntu1) 15.2.0,Python 3.14.4; pandas 2.3.3; psutil 7.2.2,1,2026-08-14T07:31:05.662290+07:00,CaDiCaL,0,2G,3600,False,,False,False,
GEOM40.col,40,78,34,2160,6386,OPTIMAL,28,0.0135827,0.00413864,0.0177213,50.80078,0,1,2,509f41020245d12b4e03b0c6681826c72245d1f3,False,4968db2efd363df2b56fdfbab3c914f8100884884a68f0b07cbbc4e20aa1f192,bc9dd2f34387090f83611022ed1b92c2e8cc6181b37baadbb75314f73aa6341c,/home/homulily/code/bcp-cpp/bcp /home/homulily/code/bcp-cpp/dataset/GEOM40.col 2G -t 3600,DESKTOP-RJQ30EQ,Linux-6.8.0-51-generic-x86_64-with-glibc2.39,c++ (Ubuntu 15.2.0-16ubuntu1) 15.2.0,Python 3.14.4; pandas 2.3.3; psutil 7.2.2,1,2026-08-14T07:31:05.781600+07:00,CaDiCaL,0,2G,3600,False,,False,False,
GEOM40a.col,40,146,51,2880,10976,OPTIMAL,37,0.0471765,0.0461864,0.0933629,62.48438,0,1,2,509f41020245d12b4e03b0c6681826c72245d1f3,False,0bd50dc07b7e234154a3f92e5d2cf1ac6ad83c47badf984a837587fe7c35ca6b,bc9dd2f34387090f83611022ed1b92c2e8cc6181b37baadbb75314f73aa6341c,/home/homulily/code/bcp-cpp/bcp /home/homulily/code/bcp-cpp/dataset/GEOM40a.col 2G -t 3600,DESKTOP-RJQ30EQ,Linux-6.8.0-51-generic-x86_64-with-glibc2.39,c++ (Ubuntu 15.2.0-16ubuntu1) 15.2.0,Python 3.14.4; pandas 2.3.3; psutil 7.2.2,1,2026-08-14T07:31:05.969666+07:00,CaDiCaL,0,2G,3600,False,,False,False,
GEOM40b.col,40,157,41,2560,10104,OPTIMAL,33,0.0253953,0.0140965,0.0394918,50.80078,0,1,2,509f41020245d12b4e03b0c6681826c72245d1f3,False,1ccb98f8f5e910eb9d4064ba5b23dff42c9067ecd2d40d0879250dbd16181ddf,bc9dd2f34387090f83611022ed1b92c2e8cc6181b37baadbb75314f73aa6341c,/home/homulily/code/bcp-cpp/bcp /home/homulily/code/bcp-cpp/dataset/GEOM40b.col 2G -t 3600,DESKTOP-RJQ30EQ,Linux-6.8.0-51-generic-x86_64-with-glibc2.39,c++ (Ubuntu 15.2.0-16ubuntu1) 15.2.0,Python 3.14.4; pandas 2.3.3; psutil 7.2.2,1,2026-08-14T07:31:06.120530+07:00,CaDiCaL,0,2G,3600,False,,False,False,
GEOM50.col,50,127,37,2700,8779,OPTIMAL,28,0.0259212,0.00685655,0.0327778,50.55078,0,1,2,509f41020245d12b4e03b0c6681826c72245d1f3,False,c584455fa3b51a54152148534733fdf90022ccefd515c1770417925f43ef5434,bc9dd2f34387090f83611022ed1b92c2e8cc6181b37baadbb75314f73aa6341c,/home/homulily/code/bcp-cpp/bcp /home/homulily/code/bcp-cpp/dataset/GEOM50.col 2G -t 3600,DESKTOP-RJQ30EQ,Linux-6.8.0-51-generic-x86_64-with-glibc2.39,c++ (Ubuntu 15.2.0-16ubuntu1) 15.2.0,Python 3.14.4; pandas 2.3.3; psutil 7.2.2,1,2026-08-14T07:31:06.218800+07:00,CaDiCaL,0,2G,3600,False,,False,False,
GEOM50a.col,50,238,62,4900,21412,OPTIMAL,50,0.0751523,0.26221,0.337363,66.50781,0,1,2,509f41020245d12b4e03b0c6681826c72245d1f3,False,09a35a2b65ed3e0dcd221ac73c5adb47901d19e134e9d9ce99d087c064f5b13b,bc9dd2f34387090f83611022ed1b92c2e8cc6181b37baadbb75314f73aa6341c,/home/homulily/code/bcp-cpp/bcp /home/homulily/code/bcp-cpp/dataset/GEOM50a.col 2G -t 3600,DESKTOP-RJQ30EQ,Linux-6.8.0-51-generic-x86_64-with-glibc2.39,c++ (Ubuntu 15.2.0-16ubuntu1) 15.2.0,Python 3.14.4; pandas 2.3.3; psutil 7.2.2,1,2026-08-14T07:31:06.635797+07:00,CaDiCaL,0,2G,3600,False,,False,False,
GEOM50b.col,50,249,55,3400,15216,OPTIMAL,35,0.0974232,0.120056,0.217479,63.87109,0,1,2,509f41020245d12b4e03b0c6681826c72245d1f3,False,7b21131c086e1fd406658aed26e1d79b31aa8f81bf25493c8658813e81076dca,bc9dd2f34387090f83611022ed1b92c2e8cc6181b37baadbb75314f73aa6341c,/home/homulily/code/bcp-cpp/bcp /home/homulily/code/bcp-cpp/dataset/GEOM50b.col 2G -t 3600,DESKTOP-RJQ30EQ,Linux-6.8.0-51-generic-x86_64-with-glibc2.39,c++ (Ubuntu 15.2.0-16ubuntu1) 15.2.0,Python 3.14.4; pandas 2.3.3; psutil 7.2.2,1,2026-08-14T07:31:06.928127+07:00,CaDiCaL,0,2G,3600,False,,False,False,
GEOM60.col,60,185,37,3840,13540,OPTIMAL,33,0.0202286,0.00759865,0.0278272,51.17578,0,1,2,509f41020245d12b4e03b0c6681826c72245d1f3,False,9575aa95916bb0ddb24ac95ceb686ad79834715a8c3c97743905c76227ffa048,bc9dd2f34387090f83611022ed1b92c2e8cc6181b37baadbb75314f73aa6341c,/home/homulily/code/bcp-cpp/bcp /home/homulily/code/bcp-cpp/dataset/GEOM60.col 2G -t 3600,DESKTOP-RJQ30EQ,Linux-6.8.0-51-generic-x86_64-with-glibc2.39,c++ (Ubuntu 15.2.0-16ubuntu1) 15.2.0,Python 3.14.4; pandas 2.3.3; psutil 7.2.2,1,2026-08-14T07:31:07.032031+07:00,CaDiCaL,0,2G,3600,False,,False,False,
GEOM60a.col,60,339,62,5880,28311,OPTIMAL,50,0.098177,0.332715,0.430892,68.91016,0,1,2,509f41020245d12b4e03b0c6681826c72245d1f3,False,c6266e394b59107ef80c14a3ed0d8dd4ae62c646238c8358f8080547a85fd68c,bc9dd2f34387090f83611022ed1b92c2e8cc6181b37baadbb75314f73aa6341c,/home/homulily/code/bcp-cpp/bcp /home/homulily/code/bcp-cpp/dataset/GEOM60a.col 2G -t 3600,DESKTOP-RJQ30EQ,Linux-6.8.0-51-generic-x86_64-with-glibc2.39,c++ (Ubuntu 15.2.0-16ubuntu1) 15.2.0,Python 3.14.4; pandas 2.3.3; psutil 7.2.2,1,2026-08-14T07:31:07.551313+07:00,CaDiCaL,0,2G,3600,False,,False,False,
GEOM60b.col,60,366,64,4800,24180,OPTIMAL,41,0.169587,0.656621,0.826208,68.51562,0,1,2,509f41020245d12b4e03b0c6681826c72245d1f3,False,8305498f1acbb0e13fc3e5b6756eebb72600bd69b237f5d836248a8d8e040f76,bc9dd2f34387090f83611022ed1b92c2e8cc6181b37baadbb75314f73aa6341c,/home/homulily/code/bcp-cpp/bcp /home/homulily/code/bcp-cpp/dataset/GEOM60b.col 2G -t 3600,DESKTOP-RJQ30EQ,Linux-6.8.0-51-generic-x86_64-with-glibc2.39,c++ (Ubuntu 15.2.0-16ubuntu1) 15.2.0,Python 3.14.4; pandas 2.3.3; psutil 7.2.2,1,2026-08-14T07:31:08.466076+07:00,CaDiCaL,0,2G,3600,False,,False,False,
GEOM70.col,70,267,45,5180,20169,OPTIMAL,38,0.0457576,0.0272677,0.0730254,51.05078,0,1,2,509f41020245d12b4e03b0c6681826c72245d1f3,False,6709158dd6a0c24605665511d543798f2cda198fb9b943c841d842af483b8b5f,bc9dd2f34387090f83611022ed1b92c2e8cc6181b37baadbb75314f73aa6341c,/home/homulily/code/bcp-cpp/bcp /home/homulily/code/bcp-cpp/dataset/GEOM70.col 2G -t 3600,DESKTOP-RJQ30EQ,Linux-6.8.0-51-generic-x86_64-with-glibc2.39,c++ (Ubuntu 15.2.0-16ubuntu1) 15.2.0,Python 3.14.4; pandas 2.3.3; psutil 7.2.2,1,2026-08-14T07:31:08.607034+07:00,CaDiCaL,0,2G,3600,False,,False,False,
GEOM70a.col,70,459,73,8400,44270,OPTIMAL,61,0.151445,2.3906,2.54204,76.19531,0,1,2,509f41020245d12b4e03b0c6681826c72245d1f3,False,e256a1a0b8f2637a931d35ffacdb28b715bcafa769a4bbedc21eb991683d0a40,bc9dd2f34387090f83611022ed1b92c2e8cc6181b37baadbb75314f73aa6341c,/home/homulily/code/bcp-cpp/bcp /home/homulily/code/bcp-cpp/dataset/GEOM70a.col 2G -t 3600,DESKTOP-RJQ30EQ,Linux-6.8.0-51-generic-x86_64-with-glibc2.39,c++ (Ubuntu 15.2.0-16ubuntu1) 15.2.0,Python 3.14.4; pandas 2.3.3; psutil 7.2.2,1,2026-08-14T07:31:11.192015+07:00,CaDiCaL,0,2G,3600,False,,False,False,
GEOM70b.col,70,488,77,6440,35258,OPTIMAL,47,0.326721,1.86188,2.1886,73.5,0,1,2,509f41020245d12b4e03b0c6681826c72245d1f3,False,50b43cacfa298b2c9f4c05ca437a5559b357c8348aa59226bf3c2fd9b98b03b8,bc9dd2f34387090f83611022ed1b92c2e8cc6181b37baadbb75314f73aa6341c,/home/homulily/code/bcp-cpp/bcp /home/homulily/code/bcp-cpp/dataset/GEOM70b.col 2G -t 3600,DESKTOP-RJQ30EQ,Linux-6.8.0-51-generic-x86_64-with-glibc2.39,c++ (Ubuntu 15.2.0-16ubuntu1) 15.2.0,Python 3.14.4; pandas 2.3.3; psutil 7.2.2,1,2026-08-14T07:31:13.488482+07:00,CaDiCaL,0,2G,3600,False,,False,False,
GEOM80.col,80,349,55,6400,26680,OPTIMAL,41,0.114894,0.0572532,0.172147,66.88672,0,1,2,509f41020245d12b4e03b0c6681826c72245d1f3,False,46454b38ff8d83fe0020c6f3e5408c0ca37e868bc79f74749c4a8e555730df9c,bc9dd2f34387090f83611022ed1b92c2e8cc6181b37baadbb75314f73aa6341c,/home/homulily/code/bcp-cpp/bcp /home/homulily/code/bcp-cpp/dataset/GEOM80.col 2G -t 3600,DESKTOP-RJQ30EQ,Linux-6.8.0-51-generic-x86_64-with-glibc2.39,c++ (Ubuntu 15.2.0-16ubuntu1) 15.2.0,Python 3.14.4; pandas 2.3.3; psutil 7.2.2,1,2026-08-14T07:31:13.763440+07:00,CaDiCaL,0,2G,3600,False,,False,False,
GEOM80a.col,80,612,80,9920,57704,OPTIMAL,63,0.274397,5.78456,6.05896,110.91016,0,1,2,509f41020245d12b4e03b0c6681826c72245d1f3,False,f8cd1c510008df8e302411facc59a809be027620b27f632f811c1c94c76d78c9,bc9dd2f34387090f83611022ed1b92c2e8cc6181b37baadbb75314f73aa6341c,/home/homulily/code/bcp-cpp/bcp /home/homulily/code/bcp-cpp/dataset/GEOM80a.col 2G -t 3600,DESKTOP-RJQ30EQ,Linux-6.8.0-51-generic-x86_64-with-glibc2.39,c++ (Ubuntu 15.2.0-16ubuntu1) 15.2.0,Python 3.14.4; pandas 2.3.3; psutil 7.2.2,1,2026-08-14T07:31:19.873437+07:00,CaDiCaL,0,2G,3600,False,,False,False,
GEOM80b.col,80,663,99,9440,57917,OPTIMAL,60,0.680403,3.98795,4.66836,111.75,0,1,2,509f41020245d12b4e03b0c6681826c72245d1f3,False,a8dcc40cfc8d87903196406f815c4d512a7c68e3e966538768a0601bfac7d301,bc9dd2f34387090f83611022ed1b92c2e8cc6181b37baadbb75314f73aa6341c,/home/homulily/code/bcp-cpp/bcp /home/homulily/code/bcp-cpp/dataset/GEOM80b.col 2G -t 3600,DESKTOP-RJQ30EQ,Linux-6.8.0-51-generic-x86_64-with-glibc2.39,c++ (Ubuntu 15.2.0-16ubuntu1) 15.2.0,Python 3.14.4; pandas 2.3.3; psutil 7.2.2,1,2026-08-14T07:31:24.687320+07:00,CaDiCaL,0,2G,3600,False,,False,False,
GEOM90.col,90,441,55,8100,35955,OPTIMAL,46,0.09956,0.0873204,0.18688,69.38281,0,1,2,509f41020245d12b4e03b0c6681826c72245d1f3,False,8b99774b70737296ed7b4c8a3ad9ec1827182467166c5e7c93a1c2117473f7cf,bc9dd2f34387090f83611022ed1b92c2e8cc6181b37baadbb75314f73aa6341c,/home/homulily/code/bcp-cpp/bcp /home/homulily/code/bcp-cpp/dataset/GEOM90.col 2G -t 3600,DESKTOP-RJQ30EQ,Linux-6.8.0-51-generic-x86_64-with-glibc2.39,c++ (Ubuntu 15.2.0-16ubuntu1) 15.2.0,Python 3.14.4; pandas 2.3.3; psutil 7.2.2,1,2026-08-14T07:31:24.974141+07:00,CaDiCaL,0,2G,3600,False,,False,False,
GEOM90a.col,90,789,81,11160,71148,OPTIMAL,63,0.355793,5.56045,5.91624,115.05078,0,1,2,509f41020245d12b4e03b0c6681826c72245d1f3,False,254a4ba130fad8005c03d2288438d16ff5c3768cb05ebe3b37929f9f3247a1df,bc9dd2f34387090f83611022ed1b92c2e8cc6181b37baadbb75314f73aa6341c,/home/homulily/code/bcp-cpp/bcp /home/homulily/code/bcp-cpp/dataset/GEOM90a.col 2G -t 3600,DESKTOP-RJQ30EQ,Linux-6.8.0-51-generic-x86_64-with-glibc2.39,c++ (Ubuntu 15.2.0-16ubuntu1) 15.2.0,Python 3.14.4; pandas 2.3.3; psutil 7.2.2,1,2026-08-14T07:31:31.044890+07:00,CaDiCaL,0,2G,3600,False,,False,False,
GEOM90b.col,90,860,110,12240,82870,OPTIMAL,69,1.00201,41.8421,42.8441,124.16406,0,1,2,509f41020245d12b4e03b0c6681826c72245d1f3,False,e293687b9c36702121066f37ac02cf4e8901dbaa3fd5ba7e864b0e00ba74fac3,bc9dd2f34387090f83611022ed1b92c2e8cc6181b37baadbb75314f73aa6341c,/home/homulily/code/bcp-cpp/bcp /home/homulily/code/bcp-cpp/dataset/GEOM90b.col 2G -t 3600,DESKTOP-RJQ30EQ,Linux-6.8.0-51-generic-x86_64-with-glibc2.39,c++ (Ubuntu 15.2.0-16ubuntu1) 15.2.0,Python 3.14.4; pandas 2.3.3; psutil 7.2.2,1,2026-08-14T07:32:14.109569+07:00,CaDiCaL,0,2G,3600,False,,False,False,
c21_1_d1.col,21,102,8,252,1095,OPTIMAL,7,0.00128707,0.00267402,0.00396108,50.80078,0,1,2,509f41020245d12b4e03b0c6681826c72245d1f3,False,f838258c4c693e09ad2cc97943c674fc5b2ee14e0f97961fdfdeb239b8436773,bc9dd2f34387090f83611022ed1b92c2e8cc6181b37baadbb75314f73aa6341c,/home/homulily/code/bcp-cpp/bcp /home/homulily/code/bcp-cpp/dataset/c21_1_d1.col 2G -t 3600,DESKTOP-RJQ30EQ,Linux-6.8.0-51-generic-x86_64-with-glibc2.39,c++ (Ubuntu 15.2.0-16ubuntu1) 15.2.0,Python 3.14.4; pandas 2.3.3; psutil 7.2.2,1,2026-08-14T07:32:14.186926+07:00,CaDiCaL,0,2G,3600,False,,False,False,
c21_1_d2.col,21,102,8,252,1095,OPTIMAL,7,0.000931402,0.00208729,0.00301869,51.05078,0,1,2,509f41020245d12b4e03b0c6681826c72245d1f3,False,17ff4bba73f02ee89dd3d91ccbca1a01ac0062c8872237c8916bc44590d256d5,bc9dd2f34387090f83611022ed1b92c2e8cc6181b37baadbb75314f73aa6341c,/home/homulily/code/bcp-cpp/bcp /home/homulily/code/bcp-cpp/dataset/c21_1_d2.col 2G -t 3600,DESKTOP-RJQ30EQ,Linux-6.8.0-51-generic-x86_64-with-glibc2.39,c++ (Ubuntu 15.2.0-16ubuntu1) 15.2.0,Python 3.14.4; pandas 2.3.3; psutil 7.2.2,1,2026-08-14T07:32:14.292910+07:00,CaDiCaL,0,2G,3600,False,,False,False,
c21_2_d1.col,21,102,12,336,1467,OPTIMAL,9,0.00215593,0.00256767,0.00472359,51.05078,0,1,2,509f41020245d12b4e03b0c6681826c72245d1f3,False,bc5ff196032b38d098ccbb833a33557f397c0d16b5f8a281ddda8141f182fab6,bc9dd2f34387090f83611022ed1b92c2e8cc6181b37baadbb75314f73aa6341c,/home/homulily/code/bcp-cpp/bcp /home/homulily/code/bcp-cpp/dataset/c21_2_d1.col 2G -t 3600,DESKTOP-RJQ30EQ,Linux-6.8.0-51-generic-x86_64-with-glibc2.39,c++ (Ubuntu 15.2.0-16ubuntu1) 15.2.0,Python 3.14.4; pandas 2.3.3; psutil 7.2.2,1,2026-08-14T07:32:14.401174+07:00,CaDiCaL,0,2G,3600,False,,False,False,
c21_2_d2.col,21,102,12,336,1467,OPTIMAL,9,0.00210481,0.00288247,0.00498728,50.98828,0,1,2,509f41020245d12b4e03b0c6681826c72245d1f3,False,357f7cf6535a13a2109dbf9d363efff9cc6e0038fccf653c1dafc7e92e00fe01,bc9dd2f34387090f83611022ed1b92c2e8cc6181b37baadbb75314f73aa6341c,/home/homulily/code/bcp-cpp/bcp /home/homulily/code/bcp-cpp/dataset/c21_2_d2.col 2G -t 3600,DESKTOP-RJQ30EQ,Linux-6.8.0-51-generic-x86_64-with-glibc2.39,c++ (Ubuntu 15.2.0-16ubuntu1) 15.2.0,Python 3.14.4; pandas 2.3.3; psutil 7.2.2,1,2026-08-14T07:32:14.507170+07:00,CaDiCaL,0,2G,3600,False,,False,False,
c21_3_d1.col,21,102,8,252,1095,OPTIMAL,7,0.000974036,0.00201776,0.0029918,51.05078,0,1,2,509f41020245d12b4e03b0c6681826c72245d1f3,False,2765b742e9eb99580ca620c1af200f5de170405ca0f8ef34101dec9696c2f9ee,bc9dd2f34387090f83611022ed1b92c2e8cc6181b37baadbb75314f73aa6341c,/home/homulily/code/bcp-cpp/bcp /home/homulily/code/bcp-cpp/dataset/c21_3_d1.col 2G -t 3600,DESKTOP-RJQ30EQ,Linux-6.8.0-51-generic-x86_64-with-glibc2.39,c++ (Ubuntu 15.2.0-16ubuntu1) 15.2.0,Python 3.14.4; pandas 2.3.3; psutil 7.2.2,1,2026-08-14T07:32:14.612222+07:00,CaDiCaL,0,2G,3600,False,,False,False,
c21_3_d2.col,21,102,8,252,1095,OPTIMAL,7,0.00087859,0.0022283,0.00310689,50.92578,0,1,2,509f41020245d12b4e03b0c6681826c72245d1f3,False,5274c4b0e9751b679b2b38ab34627c4d1eca543d53c9c4086f61ec64f8ee1c6f,bc9dd2f34387090f83611022ed1b92c2e8cc6181b37baadbb75314f73aa6341c,/home/homulily/code/bcp-cpp/bcp /home/homulily/code/bcp-cpp/dataset/c21_3_d2.col 2G -t 3600,DESKTOP-RJQ30EQ,Linux-6.8.0-51-generic-x86_64-with-glibc2.39,c++ (Ubuntu 15.2.0-16ubuntu1) 15.2.0,Python 3.14.4; pandas 2.3.3; psutil 7.2.2,1,2026-08-14T07:32:14.718548+07:00,CaDiCaL,0,2G,3600,False,,False,False,
c21_4_d1.col,21,102,12,336,1467,OPTIMAL,9,0.00228797,0.0026752,0.00496317,50.80078,0,1,2,509f41020245d12b4e03b0c6681826c72245d1f3,False,19dd5b83496200f38741c1f02f9fc646d0eae6d2a435789be0650d1e3455d42b,bc9dd2f34387090f83611022ed1b92c2e8cc6181b37baadbb75314f73aa6341c,/home/homulily/code/bcp-cpp/bcp /home/homulily/code/bcp-cpp/dataset/c21_4_d1.col 2G -t 3600,DESKTOP-RJQ30EQ,Linux-6.8.0-51-generic-x86_64-with-glibc2.39,c++ (Ubuntu 15.2.0-16ubuntu1) 15.2.0,Python 3.14.4; pandas 2.3.3; psutil 7.2.2,1,2026-08-14T07:32:14.828580+07:00,CaDiCaL,0,2G,3600,False,,False,False,
c21_4_d2.col,21,102,12,336,1467,OPTIMAL,9,0.0021815,0.00292201,0.00510351,50.23828,0,1,2,509f41020245d12b4e03b0c6681826c72245d1f3,False,dcae409f3fa775f5d64e2a1c13109513f71b4261ac6646fa06061715bb34c40c,bc9dd2f34387090f83611022ed1b92c2e8cc6181b37baadbb75314f73aa6341c,/home/homulily/code/bcp-cpp/bcp /home/homulily/code/bcp-cpp/dataset/c21_4_d2.col 2G -t 3600,DESKTOP-RJQ30EQ,Linux-6.8.0-51-generic-x86_64-with-glibc2.39,c++ (Ubuntu 15.2.0-16ubuntu1) 15.2.0,Python 3.14.4; pandas 2.3.3; psutil 7.2.2,1,2026-08-14T07:32:14.935771+07:00,CaDiCaL,0,2G,3600,False,,False,False,
c21_5_d1.col,21,102,8,252,1095,OPTIMAL,7,0.000893573,0.00208098,0.00297455,51.05078,0,1,2,509f41020245d12b4e03b0c6681826c72245d1f3,False,9b48d14af7b6c13caa07b34bb084a2f18f2bbe1f27e4357c5d1d30b214e43ba0,bc9dd2f34387090f83611022ed1b92c2e8cc6181b37baadbb75314f73aa6341c,/home/homulily/code/bcp-cpp/bcp /home/homulily/code/bcp-cpp/dataset/c21_5_d1.col 2G -t 3600,DESKTOP-RJQ30EQ,Linux-6.8.0-51-generic-x86_64-with-glibc2.39,c++ (Ubuntu 15.2.0-16ubuntu1) 15.2.0,Python 3.14.4; pandas 2.3.3; psutil 7.2.2,1,2026-08-14T07:32:15.039699+07:00,CaDiCaL,0,2G,3600,False,,False,False,
c21_5_d2.col,21,102,8,252,1095,OPTIMAL,7,0.00107297,0.00197235,0.00304532,51.05078,0,1,2,509f41020245d12b4e03b0c6681826c72245d1f3,False,bfa272eb474be3d829f6ae72dc0b350e3cc16cae91bd5b0268f9d7d42e029bdf,bc9dd2f34387090f83611022ed1b92c2e8cc6181b37baadbb75314f73aa6341c,/home/homulily/code/bcp-cpp/bcp /home/homulily/code/bcp-cpp/dataset/c21_5_d2.col 2G -t 3600,DESKTOP-RJQ30EQ,Linux-6.8.0-51-generic-x86_64-with-glibc2.39,c++ (Ubuntu 15.2.0-16ubuntu1) 15.2.0,Python 3.14.4; pandas 2.3.3; psutil 7.2.2,1,2026-08-14T07:32:15.146109+07:00,CaDiCaL,0,2G,3600,False,,False,False,
c21_6_d1.col,21,102,12,336,1467,OPTIMAL,9,0.00214326,0.00275461,0.00489787,50.42578,0,1,2,509f41020245d12b4e03b0c6681826c72245d1f3,False,67f709a59420aa411b280438ae2a69559cb89dbc2a475e7237b5ff6beb322fc2,bc9dd2f34387090f83611022ed1b92c2e8cc6181b37baadbb75314f73aa6341c,/home/homulily/code/bcp-cpp/bcp /home/homulily/code/bcp-cpp/dataset/c21_6_d1.col 2G -t 3600,DESKTOP-RJQ30EQ,Linux-6.8.0-51-generic-x86_64-with-glibc2.39,c++ (Ubuntu 15.2.0-16ubuntu1) 15.2.0,Python 3.14.4; pandas 2.3.3; psutil 7.2.2,1,2026-08-14T07:32:15.255387+07:00,CaDiCaL,0,2G,3600,False,,False,False,
c21_6_d2.col,21,102,12,336,1467,OPTIMAL,9,0.00212408,0.00275752,0.00488159,51.05078,0,1,2,509f41020245d12b4e03b0c6681826c72245d1f3,False,75ba8238057f4be94630617bff4cf631976862699cffdb81bcbe628b6f5af066,bc9dd2f34387090f83611022ed1b92c2e8cc6181b37baadbb75314f73aa6341c,/home/homulily/code/bcp-cpp/bcp /home/homulily/code/bcp-cpp/dataset/c21_6_d2.col 2G -t 3600,DESKTOP-RJQ30EQ,Linux-6.8.0-51-generic-x86_64-with-glibc2.39,c++ (Ubuntu 15.2.0-16ubuntu1) 15.2.0,Python 3.14.4; pandas 2.3.3; psutil 7.2.2,1,2026-08-14T07:32:15.362436+07:00,CaDiCaL,0,2G,3600,False,,False,False,
c21_7_d1.col,21,102,8,252,1095,OPTIMAL,7,0.000921963,0.00206416,0.00298613,50.98828,0,1,2,509f41020245d12b4e03b0c6681826c72245d1f3,False,a5740086f18083fcf131d5f89bf75b7673b05dfb0366edb4c45fca95b2789986,bc9dd2f34387090f83611022ed1b92c2e8cc6181b37baadbb75314f73aa6341c,/home/homulily/code/bcp-cpp/bcp /home/homulily/code/bcp-cpp/dataset/c21_7_d1.col 2G -t 3600,DESKTOP-RJQ30EQ,Linux-6.8.0-51-generic-x86_64-with-glibc2.39,c++ (Ubuntu 15.2.0-16ubuntu1) 15.2.0,Python 3.14.4; pandas 2.3.3; psutil 7.2.2,1,2026-08-14T07:32:15.468207+07:00,CaDiCaL,0,2G,3600,False,,False,False,
c21_7_d2.col,21,102,8,252,1095,OPTIMAL,7,0.000915882,0.00220129,0.00311717,50.98828,0,1,2,509f41020245d12b4e03b0c6681826c72245d1f3,False,ac84b1b113bb6b57a70caec3bc248b94cc90c0bb1186f65645d78821eb05adbd,bc9dd2f34387090f83611022ed1b92c2e8cc6181b37baadbb75314f73aa6341c,/home/homulily/code/bcp-cpp/bcp /home/homulily/code/bcp-cpp/dataset/c21_7_d2.col 2G -t 3600,DESKTOP-RJQ30EQ,Linux-6.8.0-51-generic-x86_64-with-glibc2.39,c++ (Ubuntu 15.2.0-16ubuntu1) 15.2.0,Python 3.14.4; pandas 2.3.3; psutil 7.2.2,1,2026-08-14T07:32:15.575284+07:00,CaDiCaL,0,2G,3600,False,,False,False,
c21_8_d1.col,21,102,12,336,1467,OPTIMAL,9,0.0021546,0.00260227,0.00475687,50.86328,0,1,2,509f41020245d12b4e03b0c6681826c72245d1f3,False,bb8a14faad6327dbd85291090c1bdb4c5568aa8d9d5a7bd53c8654f3ab113224,bc9dd2f34387090f83611022ed1b92c2e8cc6181b37baadbb75314f73aa6341c,/home/homulily/code/bcp-cpp/bcp /home/homulily/code/bcp-cpp/dataset/c21_8_d1.col 2G -t 3600,DESKTOP-RJQ30EQ,Linux-6.8.0-51-generic-x86_64-with-glibc2.39,c++ (Ubuntu 15.2.0-16ubuntu1) 15.2.0,Python 3.14.4; pandas 2.3.3; psutil 7.2.2,1,2026-08-14T07:32:15.684706+07:00,CaDiCaL,0,2G,3600,False,,False,False,
c21_8_d2.col,21,102,12,336,1467,OPTIMAL,9,0.00210295,0.00267529,0.00477824,51.11328,0,1,2,509f41020245d12b4e03b0c6681826c72245d1f3,False,f5ba7310979dcec808371e784a264f60b7a9480e3c89e6597cce412caf40d991,bc9dd2f34387090f83611022ed1b92c2e8cc6181b37baadbb75314f73aa6341c,/home/homulily/code/bcp-cpp/bcp /home/homulily/code/bcp-cpp/dataset/c21_8_d2.col 2G -t 3600,DESKTOP-RJQ30EQ,Linux-6.8.0-51-generic-x86_64-with-glibc2.39,c++ (Ubuntu 15.2.0-16ubuntu1) 15.2.0,Python 3.14.4; pandas 2.3.3; psutil 7.2.2,1,2026-08-14T07:32:15.792414+07:00,CaDiCaL,0,2G,3600,False,,False,False,
c25_1_d3.col,25,134,8,350,1613,OPTIMAL,8,0.000874828,0.0111497,0.0120245,50.80078,0,1,2,509f41020245d12b4e03b0c6681826c72245d1f3,False,1ea6804dc4a8d52338e7935ca90ec544a6f93a27cd092508d5f2a4a4309660a3,bc9dd2f34387090f83611022ed1b92c2e8cc6181b37baadbb75314f73aa6341c,/home/homulily/code/bcp-cpp/bcp /home/homulily/code/bcp-cpp/dataset/c25_1_d3.col 2G -t 3600,DESKTOP-RJQ30EQ,Linux-6.8.0-51-generic-x86_64-with-glibc2.39,c++ (Ubuntu 15.2.0-16ubuntu1) 15.2.0,Python 3.14.4; pandas 2.3.3; psutil 7.2.2,1,2026-08-14T07:32:15.906279+07:00,CaDiCaL,0,2G,3600,False,,False,False,
c25_1_d4.col,25,134,8,350,1613,OPTIMAL,8,0.000773982,0.0111994,0.0119733,51.05078,0,1,2,509f41020245d12b4e03b0c6681826c72245d1f3,False,eff8f52de9e723400f83c97d0ec2abe45e41b6038672e20a4a4081e4715aca85,bc9dd2f34387090f83611022ed1b92c2e8cc6181b37baadbb75314f73aa6341c,/home/homulily/code/bcp-cpp/bcp /home/homulily/code/bcp-cpp/dataset/c25_1_d4.col 2G -t 3600,DESKTOP-RJQ30EQ,Linux-6.8.0-51-generic-x86_64-with-glibc2.39,c++ (Ubuntu 15.2.0-16ubuntu1) 15.2.0,Python 3.14.4; pandas 2.3.3; psutil 7.2.2,1,2026-08-14T07:32:16.013135+07:00,CaDiCaL,0,2G,3600,False,,False,False,
c55_1_d1.col,55,362,9,660,3437,OPTIMAL,7,0.0036561,0.00356925,0.00722535,50.80078,0,1,2,509f41020245d12b4e03b0c6681826c72245d1f3,False,483fac5e0df65a27f7312e2883f8f90c17f26d3a7bdd50c333212ca635e3f2e6,bc9dd2f34387090f83611022ed1b92c2e8cc6181b37baadbb75314f73aa6341c,/home/homulily/code/bcp-cpp/bcp /home/homulily/code/bcp-cpp/dataset/c55_1_d1.col 2G -t 3600,DESKTOP-RJQ30EQ,Linux-6.8.0-51-generic-x86_64-with-glibc2.39,c++ (Ubuntu 15.2.0-16ubuntu1) 15.2.0,Python 3.14.4; pandas 2.3.3; psutil 7.2.2,1,2026-08-14T07:32:16.116746+07:00,CaDiCaL,0,2G,3600,False,,False,False,
c55_2_d2.col,55,362,9,660,3437,OPTIMAL,7,0.00366167,0.00346315,0.00712481,50.86328,0,1,2,509f41020245d12b4e03b0c6681826c72245d1f3,False,7b0078b893aeb838a0f5f0b3ece5f1505f2c0981a98c59561af4c69742a59ad6,bc9dd2f34387090f83611022ed1b92c2e8cc6181b37baadbb75314f73aa6341c,/home/homulily/code/bcp-cpp/bcp /home/homulily/code/bcp-cpp/dataset/c55_2_d2.col 2G -t 3600,DESKTOP-RJQ30EQ,Linux-6.8.0-51-generic-x86_64-with-glibc2.39,c++ (Ubuntu 15.2.0-16ubuntu1) 15.2.0,Python 3.14.4; pandas 2.3.3; psutil 7.2.2,1,2026-08-14T07:32:16.222992+07:00,CaDiCaL,0,2G,3600,False,,False,False,
GEOM100.col,100,547,65,9800,46303,OPTIMAL,50,0.202392,0.456796,0.659188,73.55859,0,1,3,509f41020245d12b4e03b0c6681826c72245d1f3,False,91be09009a797c20a68cfb43f78cb01019c2cfdb8915d86e640e95938c315b19,bc9dd2f34387090f83611022ed1b92c2e8cc6181b37baadbb75314f73aa6341c,/home/homulily/code/bcp-cpp/bcp /home/homulily/code/bcp-cpp/dataset/GEOM100.col 2G -t 3600,DESKTOP-RJQ30EQ,Linux-6.8.0-51-generic-x86_64-with-glibc2.39,c++ (Ubuntu 15.2.0-16ubuntu1) 15.2.0,Python 3.14.4; pandas 2.3.3; psutil 7.2.2,1,2026-08-14T07:32:17.009909+07:00,CaDiCaL,0,2G,3600,False,,False,False,
GEOM100a.col,100,992,92,13000,90380,OPTIMAL,66,0.663092,120.446,121.109,146.03125,0,1,3,509f41020245d12b4e03b0c6681826c72245d1f3,False,630c8dde843161518427f8d7ef92d9d1373781a7e028e2918c0070a86261b0f7,bc9dd2f34387090f83611022ed1b92c2e8cc6181b37baadbb75314f73aa6341c,/home/homulily/code/bcp-cpp/bcp /home/homulily/code/bcp-cpp/dataset/GEOM100a.col 2G -t 3600,DESKTOP-RJQ30EQ,Linux-6.8.0-51-generic-x86_64-with-glibc2.39,c++ (Ubuntu 15.2.0-16ubuntu1) 15.2.0,Python 3.14.4; pandas 2.3.3; psutil 7.2.2,1,2026-08-14T07:34:18.222803+07:00,CaDiCaL,0,2G,3600,False,,False,False,
GEOM100b.col,100,1050,122,14000,101400,OPTIMAL,71,1.58651,51.1161,52.7026,124.43359,0,1,3,509f41020245d12b4e03b0c6681826c72245d1f3,False,14092a37b220ef17894222b959c735f68203286fc653930904fe5f13c3741ce5,bc9dd2f34387090f83611022ed1b92c2e8cc6181b37baadbb75314f73aa6341c,/home/homulily/code/bcp-cpp/bcp /home/homulily/code/bcp-cpp/dataset/GEOM100b.col 2G -t 3600,DESKTOP-RJQ30EQ,Linux-6.8.0-51-generic-x86_64-with-glibc2.39,c++ (Ubuntu 15.2.0-16ubuntu1) 15.2.0,Python 3.14.4; pandas 2.3.3; psutil 7.2.2,1,2026-08-14T07:35:11.147546+07:00,CaDiCaL,0,2G,3600,False,,False,False,
GEOM110.col,110,638,65,10780,52712,OPTIMAL,50,0.232194,0.463647,0.695842,77.48438,0,1,3,509f41020245d12b4e03b0c6681826c72245d1f3,False,2c127a146238aee20765edfcc35a16dc2fd856e5577bfe6afdc859b7dcaddb49,bc9dd2f34387090f83611022ed1b92c2e8cc6181b37baadbb75314f73aa6341c,/home/homulily/code/bcp-cpp/bcp /home/homulily/code/bcp-cpp/dataset/GEOM110.col 2G -t 3600,DESKTOP-RJQ30EQ,Linux-6.8.0-51-generic-x86_64-with-glibc2.39,c++ (Ubuntu 15.2.0-16ubuntu1) 15.2.0,Python 3.14.4; pandas 2.3.3; psutil 7.2.2,1,2026-08-14T07:35:11.910927+07:00,CaDiCaL,0,2G,3600,False,,False,False,
GEOM110a.col,110,1207,110,14960,111886,OPTIMAL,69,1.37637,99.7172,101.094,134.96484,0,1,3,509f41020245d12b4e03b0c6681826c72245d1f3,False,9c37e408d641c20a1fc834cdfa27c50a49e532300506da93442ee8f07c8f7d3c,bc9dd2f34387090f83611022ed1b92c2e8cc6181b37baadbb75314f73aa6341c,/home/homulily/code/bcp-cpp/bcp /home/homulily/code/bcp-cpp/dataset/GEOM110a.col 2G -t 3600,DESKTOP-RJQ30EQ,Linux-6.8.0-51-generic-x86_64-with-glibc2.39,c++ (Ubuntu 15.2.0-16ubuntu1) 15.2.0,Python 3.14.4; pandas 2.3.3; psutil 7.2.2,1,2026-08-14T07:36:53.263113+07:00,CaDiCaL,0,2G,3600,False,,False,False,
GEOM110b.col,110,1256,122,16720,128786,OPTIMAL,77,1.70201,227.071,228.773,139.02344,0,1,3,509f41020245d12b4e03b0c6681826c72245d1f3,False,aea172a16bc42de0504b35909d35fce000ded1613c496d28ea719a2d44ba7c51,bc9dd2f34387090f83611022ed1b92c2e8cc6181b37baadbb75314f73aa6341c,/home/homulily/code/bcp-cpp/bcp /home/homulily/code/bcp-cpp/dataset/GEOM110b.col 2G -t 3600,DESKTOP-RJQ30EQ,Linux-6.8.0-51-generic-x86_64-with-glibc2.39,c++ (Ubuntu 15.2.0-16ubuntu1) 15.2.0,Python 3.14.4; pandas 2.3.3; psutil 7.2.2,1,2026-08-14T07:40:42.321660+07:00,CaDiCaL,0,2G,3600,False,,False,False,
GEOM120.col,120,773,74,13920,72554,OPTIMAL,59,0.314016,1.99228,2.30629,82.84766,0,1,3,509f41020245d12b4e03b0c6681826c72245d1f3,False,26357a9d4e2d8b08cdf055e2a882589f86c22c313fd9674a7f44b405c2aade4a,bc9dd2f34387090f83611022ed1b92c2e8cc6181b37baadbb75314f73aa6341c,/home/homulily/code/bcp-cpp/bcp /home/homulily/code/bcp-cpp/dataset/GEOM120.col 2G -t 3600,DESKTOP-RJQ30EQ,Linux-6.8.0-51-generic-x86_64-with-glibc2.39,c++ (Ubuntu 15.2.0-16ubuntu1) 15.2.0,Python 3.14.4; pandas 2.3.3; psutil 7.2.2,1,2026-08-14T07:40:44.729357+07:00,CaDiCaL,0,2G,3600,False,,False,False,
GEOM120a.col,120,1434,110,19440,154914,OPTIMAL,82,1.20207,142.567,143.769,136.67969,0,1,3,509f41020245d12b4e03b0c6681826c72245d1f3,False,a920a2c75d8d4fde3a531cb30857d83f245364a0b88d5a18f86336b96bf07ab6,bc9dd2f34387090f83611022ed1b92c2e8cc6181b37baadbb75314f73aa6341c,/home/homulily/code/bcp-cpp/bcp /home/homulily/code/bcp-cpp/dataset/GEOM120a.col 2G -t 3600,DESKTOP-RJQ30EQ,Linux-6.8.0-51-generic-x86_64-with-glibc2.39,c++ (Ubuntu 15.2.0-16ubuntu1) 15.2.0,Python 3.14.4; pandas 2.3.3; psutil 7.2.2,1,2026-08-14T07:43:08.728270+07:00,CaDiCaL,0,2G,3600,False,,False,False,
GEOM120b.col,120,1491,124,19680,161502,OPTIMAL,83,1.88235,2573.44,2575.33,257.90625,0,1,3,509f41020245d12b4e03b0c6681826c72245d1f3,False,745355ab3817a87504580de4d77629dce60b8f48ea8fb2c5da33224e8ef92e29,bc9dd2f34387090f83611022ed1b92c2e8cc6181b37baadbb75314f73aa6341c,/home/homulily/code/bcp-cpp/bcp /home/homulily/code/bcp-cpp/dataset/GEOM120b.col 2G -t 3600,DESKTOP-RJQ30EQ,Linux-6.8.0-51-generic-x86_64-with-glibc2.39,c++ (Ubuntu 15.2.0-16ubuntu1) 15.2.0,Python 3.14.4; pandas 2.3.3; psutil 7.2.2,1,2026-08-14T08:26:04.387856+07:00,CaDiCaL,0,2G,3600,False,,False,False,
GEOM20.col,20,20,25,800,1980,OPTIMAL,21,0.00353015,0.00171405,0.0052442,51.05078,0,1,3,509f41020245d12b4e03b0c6681826c72245d1f3,False,08ed5ea76ef3bcb2228f4669162b3aa8c234de6a4dd75c3155a603919bc0167a,bc9dd2f34387090f83611022ed1b92c2e8cc6181b37baadbb75314f73aa6341c,/home/homulily/code/bcp-cpp/bcp /home/homulily/code/bcp-cpp/dataset/GEOM20.col 2G -t 3600,DESKTOP-RJQ30EQ,Linux-6.8.0-51-generic-x86_64-with-glibc2.39,c++ (Ubuntu 15.2.0-16ubuntu1) 15.2.0,Python 3.14.4; pandas 2.3.3; psutil 7.2.2,1,2026-08-14T08:26:04.431470+07:00,CaDiCaL,0,2G,3600,False,,False,False,
GEOM20a.col,20,37,25,760,2203,OPTIMAL,20,0.00422297,0.00172817,0.00595113,51.23828,0,1,3,509f41020245d12b4e03b0c6681826c72245d1f3,False,5fe086947cbc99c9630087a727d0c9fe00065a9c4f6d6ebea7115ab4a8c161fb,bc9dd2f34387090f83611022ed1b92c2e8cc6181b37baadbb75314f73aa6341c,/home/homulily/code/bcp-cpp/bcp /home/homulily/code/bcp-cpp/dataset/GEOM20a.col 2G -t 3600,DESKTOP-RJQ30EQ,Linux-6.8.0-51-generic-x86_64-with-glibc2.39,c++ (Ubuntu 15.2.0-16ubuntu1) 15.2.0,Python 3.14.4; pandas 2.3.3; psutil 7.2.2,1,2026-08-14T08:26:04.538472+07:00,CaDiCaL,0,2G,3600,False,,False,False,
GEOM20b.col,20,32,17,480,1324,OPTIMAL,13,0.00237342,0.000863563,0.00323698,50.80078,0,1,3,509f41020245d12b4e03b0c6681826c72245d1f3,False,6be144806384554ada26f70be526ed0d42afb61a447cd96f826be5dbcf60288a,bc9dd2f34387090f83611022ed1b92c2e8cc6181b37baadbb75314f73aa6341c,/home/homulily/code/bcp-cpp/bcp /home/homulily/code/bcp-cpp/dataset/GEOM20b.col 2G -t 3600,DESKTOP-RJQ30EQ,Linux-6.8.0-51-generic-x86_64-with-glibc2.39,c++ (Ubuntu 15.2.0-16ubuntu1) 15.2.0,Python 3.14.4; pandas 2.3.3; psutil 7.2.2,1,2026-08-14T08:26:04.640919+07:00,CaDiCaL,0,2G,3600,False,,False,False,
GEOM30.col,30,50,34,1620,4560,OPTIMAL,28,0.00945363,0.003868,0.0133216,51.05078,0,1,3,509f41020245d12b4e03b0c6681826c72245d1f3,False,489bd893683e4c3672aba625abb2643d68f9c2a6d3776c9b26400831c548bd51,bc9dd2f34387090f83611022ed1b92c2e8cc6181b37baadbb75314f73aa6341c,/home/homulily/code/bcp-cpp/bcp /home/homulily/code/bcp-cpp/dataset/GEOM30.col 2G -t 3600,DESKTOP-RJQ30EQ,Linux-6.8.0-51-generic-x86_64-with-glibc2.39,c++ (Ubuntu 15.2.0-16ubuntu1) 15.2.0,Python 3.14.4; pandas 2.3.3; psutil 7.2.2,1,2026-08-14T08:26:04.755118+07:00,CaDiCaL,0,2G,3600,False,,False,False,
GEOM30a.col,30,81,33,1560,5196,OPTIMAL,27,0.010768,0.00437146,0.0151394,51.30078,0,1,3,509f41020245d12b4e03b0c6681826c72245d1f3,False,10bfa32a02f1c8633027611fc7eb773d3d5088d3bc49d1419471fc4ca266eca9,bc9dd2f34387090f83611022ed1b92c2e8cc6181b37baadbb75314f73aa6341c,/home/homulily/code/bcp-cpp/bcp /home/homulily/code/bcp-cpp/dataset/GEOM30a.col 2G -t 3600,DESKTOP-RJQ30EQ,Linux-6.8.0-51-generic-x86_64-with-glibc2.39,c++ (Ubuntu 15.2.0-16ubuntu1) 15.2.0,Python 3.14.4; pandas 2.3.3; psutil 7.2.2,1,2026-08-14T08:26:04.860218+07:00,CaDiCaL,0,2G,3600,False,,False,False,
GEOM30b.col,30,81,28,1500,4995,OPTIMAL,26,0.00496017,0.0014601,0.00642027,50.80078,0,1,3,509f41020245d12b4e03b0c6681826c72245d1f3,False,41e7babfc1e85334f1653ee7e88e11a11b0065ce2d50a72a801b4b00cfe2330a,bc9dd2f34387090f83611022ed1b92c2e8cc6181b37baadbb75314f73aa6341c,/home/homulily/code/bcp-cpp/bcp /home/homulily/code/bcp-cpp/dataset/GEOM30b.col 2G -t 3600,DESKTOP-RJQ30EQ,Linux-6.8.0-51-generic-x86_64-with-glibc2.39,c++ (Ubuntu 15.2.0-16ubuntu1) 15.2.0,Python 3.14.4; pandas 2.3.3; psutil 7.2.2,1,2026-08-14T08:26:04.956774+07:00,CaDiCaL,0,2G,3600,False,,False,False,
GEOM40.col,40,78,34,2160,6386,OPTIMAL,28,0.0136247,0.00407223,0.0176969,50.92578,0,1,3,509f41020245d12b4e03b0c6681826c72245d1f3,False,4968db2efd363df2b56fdfbab3c914f8100884884a68f0b07cbbc4e20aa1f192,bc9dd2f34387090f83611022ed1b92c2e8cc6181b37baadbb75314f73aa6341c,/home/homulily/code/bcp-cpp/bcp /home/homulily/code/bcp-cpp/dataset/GEOM40.col 2G -t 3600,DESKTOP-RJQ30EQ,Linux-6.8.0-51-generic-x86_64-with-glibc2.39,c++ (Ubuntu 15.2.0-16ubuntu1) 15.2.0,Python 3.14.4; pandas 2.3.3; psutil 7.2.2,1,2026-08-14T08:26:05.077270+07:00,CaDiCaL,0,2G,3600,False,,False,False,
GEOM40a.col,40,146,51,2880,10976,OPTIMAL,37,0.0468913,0.0492664,0.0961577,62.14062,0,1,3,509f41020245d12b4e03b0c6681826c72245d1f3,False,0bd50dc07b7e234154a3f92e5d2cf1ac6ad83c47badf984a837587fe7c35ca6b,bc9dd2f34387090f83611022ed1b92c2e8cc6181b37baadbb75314f73aa6341c,/home/homulily/code/bcp-cpp/bcp /home/homulily/code/bcp-cpp/dataset/GEOM40a.col 2G -t 3600,DESKTOP-RJQ30EQ,Linux-6.8.0-51-generic-x86_64-with-glibc2.39,c++ (Ubuntu 15.2.0-16ubuntu1) 15.2.0,Python 3.14.4; pandas 2.3.3; psutil 7.2.2,1,2026-08-14T08:26:05.265234+07:00,CaDiCaL,0,2G,3600,False,,False,False,
GEOM40b.col,40,157,41,2560,10104,OPTIMAL,33,0.0255424,0.0140911,0.0396334,50.73828,0,1,3,509f41020245d12b4e03b0c6681826c72245d1f3,False,1ccb98f8f5e910eb9d4064ba5b23dff42c9067ecd2d40d0879250dbd16181ddf,bc9dd2f34387090f83611022ed1b92c2e8cc6181b37baadbb75314f73aa6341c,/home/homulily/code/bcp-cpp/bcp /home/homulily/code/bcp-cpp/dataset/GEOM40b.col 2G -t 3600,DESKTOP-RJQ30EQ,Linux-6.8.0-51-generic-x86_64-with-glibc2.39,c++ (Ubuntu 15.2.0-16ubuntu1) 15.2.0,Python 3.14.4; pandas 2.3.3; psutil 7.2.2,1,2026-08-14T08:26:05.412883+07:00,CaDiCaL,0,2G,3600,False,,False,False,
GEOM50.col,50,127,37,2700,8779,OPTIMAL,28,0.0259521,0.00709836,0.0330505,50.61328,0,1,3,509f41020245d12b4e03b0c6681826c72245d1f3,False,c584455fa3b51a54152148534733fdf90022ccefd515c1770417925f43ef5434,bc9dd2f34387090f83611022ed1b92c2e8cc6181b37baadbb75314f73aa6341c,/home/homulily/code/bcp-cpp/bcp /home/homulily/code/bcp-cpp/dataset/GEOM50.col 2G -t 3600,DESKTOP-RJQ30EQ,Linux-6.8.0-51-generic-x86_64-with-glibc2.39,c++ (Ubuntu 15.2.0-16ubuntu1) 15.2.0,Python 3.14.4; pandas 2.3.3; psutil 7.2.2,1,2026-08-14T08:26:05.511583+07:00,CaDiCaL,0,2G,3600,False,,False,False,
GEOM50a.col,50,238,62,4900,21412,OPTIMAL,50,0.0743267,0.260698,0.335024,66.44922,0,1,3,509f41020245d12b4e03b0c6681826c72245d1f3,False,09a35a2b65ed3e0dcd221ac73c5adb47901d19e134e9d9ce99d087c064f5b13b,bc9dd2f34387090f83611022ed1b92c2e8cc6181b37baadbb75314f73aa6341c,/home/homulily/code/bcp-cpp/bcp /home/homulily/code/bcp-cpp/dataset/GEOM50a.col 2G -t 3600,DESKTOP-RJQ30EQ,Linux-6.8.0-51-generic-x86_64-with-glibc2.39,c++ (Ubuntu 15.2.0-16ubuntu1) 15.2.0,Python 3.14.4; pandas 2.3.3; psutil 7.2.2,1,2026-08-14T08:26:05.926639+07:00,CaDiCaL,0,2G,3600,False,,False,False,
GEOM50b.col,50,249,55,3400,15216,OPTIMAL,35,0.0952715,0.117929,0.213201,63.91406,0,1,3,509f41020245d12b4e03b0c6681826c72245d1f3,False,7b21131c086e1fd406658aed26e1d79b31aa8f81bf25493c8658813e81076dca,bc9dd2f34387090f83611022ed1b92c2e8cc6181b37baadbb75314f73aa6341c,/home/homulily/code/bcp-cpp/bcp /home/homulily/code/bcp-cpp/dataset/GEOM50b.col 2G -t 3600,DESKTOP-RJQ30EQ,Linux-6.8.0-51-generic-x86_64-with-glibc2.39,c++ (Ubuntu 15.2.0-16ubuntu1) 15.2.0,Python 3.14.4; pandas 2.3.3; psutil 7.2.2,1,2026-08-14T08:26:06.214740+07:00,CaDiCaL,0,2G,3600,False,,False,False,
GEOM60.col,60,185,37,3840,13540,OPTIMAL,33,0.0197487,0.00755227,0.027301,51.05078,0,1,3,509f41020245d12b4e03b0c6681826c72245d1f3,False,9575aa95916bb0ddb24ac95ceb686ad79834715a8c3c97743905c76227ffa048,bc9dd2f34387090f83611022ed1b92c2e8cc6181b37baadbb75314f73aa6341c,/home/homulily/code/bcp-cpp/bcp /home/homulily/code/bcp-cpp/dataset/GEOM60.col 2G -t 3600,DESKTOP-RJQ30EQ,Linux-6.8.0-51-generic-x86_64-with-glibc2.39,c++ (Ubuntu 15.2.0-16ubuntu1) 15.2.0,Python 3.14.4; pandas 2.3.3; psutil 7.2.2,1,2026-08-14T08:26:06.323675+07:00,CaDiCaL,0,2G,3600,False,,False,False,
GEOM60a.col,60,339,62,5880,28311,OPTIMAL,50,0.0979109,0.335904,0.433815,68.01562,0,1,3,509f41020245d12b4e03b0c6681826c72245d1f3,False,c6266e394b59107ef80c14a3ed0d8dd4ae62c646238c8358f8080547a85fd68c,bc9dd2f34387090f83611022ed1b92c2e8cc6181b37baadbb75314f73aa6341c,/home/homulily/code/bcp-cpp/bcp /home/homulily/code/bcp-cpp/dataset/GEOM60a.col 2G -t 3600,DESKTOP-RJQ30EQ,Linux-6.8.0-51-generic-x86_64-with-glibc2.39,c++ (Ubuntu 15.2.0-16ubuntu1) 15.2.0,Python 3.14.4; pandas 2.3.3; psutil 7.2.2,1,2026-08-14T08:26:06.846998+07:00,CaDiCaL,0,2G,3600,False,,False,False,
GEOM60b.col,60,366,64,4800,24180,OPTIMAL,41,0.168993,0.66335,0.832343,68.55078,0,1,3,509f41020245d12b4e03b0c6681826c72245d1f3,False,8305498f1acbb0e13fc3e5b6756eebb72600bd69b237f5d836248a8d8e040f76,bc9dd2f34387090f83611022ed1b92c2e8cc6181b37baadbb75314f73aa6341c,/home/homulily/code/bcp-cpp/bcp /home/homulily/code/bcp-cpp/dataset/GEOM60b.col 2G -t 3600,DESKTOP-RJQ30EQ,Linux-6.8.0-51-generic-x86_64-with-glibc2.39,c++ (Ubuntu 15.2.0-16ubuntu1) 15.2.0,Python 3.14.4; pandas 2.3.3; psutil 7.2.2,1,2026-08-14T08:26:07.764308+07:00,CaDiCaL,0,2G,3600,False,,False,False,
GEOM70.col,70,267,45,5180,20169,OPTIMAL,38,0.0451689,0.0279427,0.0731116,51.05078,0,1,3,509f41020245d12b4e03b0c6681826c72245d1f3,False,6709158dd6a0c24605665511d543798f2cda198fb9b943c841d842af483b8b5f,bc9dd2f34387090f83611022ed1b92c2e8cc6181b37baadbb75314f73aa6341c,/home/homulily/code/bcp-cpp/bcp /home/homulily/code/bcp-cpp/dataset/GEOM70.col 2G -t 3600,DESKTOP-RJQ30EQ,Linux-6.8.0-51-generic-x86_64-with-glibc2.39,c++ (Ubuntu 15.2.0-16ubuntu1) 15.2.0,Python 3.14.4; pandas 2.3.3; psutil 7.2.2,1,2026-08-14T08:26:07.897591+07:00,CaDiCaL,0,2G,3600,False,,False,False,
GEOM70a.col,70,459,73,8400,44270,OPTIMAL,61,0.153245,2.38832,2.54157,76.24219,0,1,3,509f41020245d12b4e03b0c6681826c72245d1f3,False,e256a1a0b8f2637a931d35ffacdb28b715bcafa769a4bbedc21eb991683d0a40,bc9dd2f34387090f83611022ed1b92c2e8cc6181b37baadbb75314f73aa6341c,/home/homulily/code/bcp-cpp/bcp /home/homulily/code/bcp-cpp/dataset/GEOM70a.col 2G -t 3600,DESKTOP-RJQ30EQ,Linux-6.8.0-51-generic-x86_64-with-glibc2.39,c++ (Ubuntu 15.2.0-16ubuntu1) 15.2.0,Python 3.14.4; pandas 2.3.3; psutil 7.2.2,1,2026-08-14T08:26:10.482311+07:00,CaDiCaL,0,2G,3600,False,,False,False,
GEOM70b.col,70,488,77,6440,35258,OPTIMAL,47,0.331345,1.87651,2.20786,73.51172,0,1,3,509f41020245d12b4e03b0c6681826c72245d1f3,False,50b43cacfa298b2c9f4c05ca437a5559b357c8348aa59226bf3c2fd9b98b03b8,bc9dd2f34387090f83611022ed1b92c2e8cc6181b37baadbb75314f73aa6341c,/home/homulily/code/bcp-cpp/bcp /home/homulily/code/bcp-cpp/dataset/GEOM70b.col 2G -t 3600,DESKTOP-RJQ30EQ,Linux-6.8.0-51-generic-x86_64-with-glibc2.39,c++ (Ubuntu 15.2.0-16ubuntu1) 15.2.0,Python 3.14.4; pandas 2.3.3; psutil 7.2.2,1,2026-08-14T08:26:12.799251+07:00,CaDiCaL,0,2G,3600,False,,False,False,
GEOM80.col,80,349,55,6400,26680,OPTIMAL,41,0.11235,0.0569625,0.169313,66.94141,0,1,3,509f41020245d12b4e03b0c6681826c72245d1f3,False,46454b38ff8d83fe0020c6f3e5408c0ca37e868bc79f74749c4a8e555730df9c,bc9dd2f34387090f83611022ed1b92c2e8cc6181b37baadbb75314f73aa6341c,/home/homulily/code/bcp-cpp/bcp /home/homulily/code/bcp-cpp/dataset/GEOM80.col 2G -t 3600,DESKTOP-RJQ30EQ,Linux-6.8.0-51-generic-x86_64-with-glibc2.39,c++ (Ubuntu 15.2.0-16ubuntu1) 15.2.0,Python 3.14.4; pandas 2.3.3; psutil 7.2.2,1,2026-08-14T08:26:13.056471+07:00,CaDiCaL,0,2G,3600,False,,False,False,
GEOM80a.col,80,612,80,9920,57704,OPTIMAL,63,0.272459,5.77949,6.05195,110.96875,0,1,3,509f41020245d12b4e03b0c6681826c72245d1f3,False,f8cd1c510008df8e302411facc59a809be027620b27f632f811c1c94c76d78c9,bc9dd2f34387090f83611022ed1b92c2e8cc6181b37baadbb75314f73aa6341c,/home/homulily/code/bcp-cpp/bcp /home/homulily/code/bcp-cpp/dataset/GEOM80a.col 2G -t 3600,DESKTOP-RJQ30EQ,Linux-6.8.0-51-generic-x86_64-with-glibc2.39,c++ (Ubuntu 15.2.0-16ubuntu1) 15.2.0,Python 3.14.4; pandas 2.3.3; psutil 7.2.2,1,2026-08-14T08:26:19.161710+07:00,CaDiCaL,0,2G,3600,False,,False,False,
GEOM80b.col,80,663,99,9440,57917,OPTIMAL,60,0.682595,3.97504,4.65763,111.80078,0,1,3,509f41020245d12b4e03b0c6681826c72245d1f3,False,a8dcc40cfc8d87903196406f815c4d512a7c68e3e966538768a0601bfac7d301,bc9dd2f34387090f83611022ed1b92c2e8cc6181b37baadbb75314f73aa6341c,/home/homulily/code/bcp-cpp/bcp /home/homulily/code/bcp-cpp/dataset/GEOM80b.col 2G -t 3600,DESKTOP-RJQ30EQ,Linux-6.8.0-51-generic-x86_64-with-glibc2.39,c++ (Ubuntu 15.2.0-16ubuntu1) 15.2.0,Python 3.14.4; pandas 2.3.3; psutil 7.2.2,1,2026-08-14T08:26:23.975621+07:00,CaDiCaL,0,2G,3600,False,,False,False,
GEOM90.col,90,441,55,8100,35955,OPTIMAL,46,0.0998753,0.0900312,0.189906,69.38281,0,1,3,509f41020245d12b4e03b0c6681826c72245d1f3,False,8b99774b70737296ed7b4c8a3ad9ec1827182467166c5e7c93a1c2117473f7cf,bc9dd2f34387090f83611022ed1b92c2e8cc6181b37baadbb75314f73aa6341c,/home/homulily/code/bcp-cpp/bcp /home/homulily/code/bcp-cpp/dataset/GEOM90.col 2G -t 3600,DESKTOP-RJQ30EQ,Linux-6.8.0-51-generic-x86_64-with-glibc2.39,c++ (Ubuntu 15.2.0-16ubuntu1) 15.2.0,Python 3.14.4; pandas 2.3.3; psutil 7.2.2,1,2026-08-14T08:26:24.277971+07:00,CaDiCaL,0,2G,3600,False,,False,False,
GEOM90a.col,90,789,81,11160,71148,OPTIMAL,63,0.354731,5.56897,5.9237,115.01562,0,1,3,509f41020245d12b4e03b0c6681826c72245d1f3,False,254a4ba130fad8005c03d2288438d16ff5c3768cb05ebe3b37929f9f3247a1df,bc9dd2f34387090f83611022ed1b92c2e8cc6181b37baadbb75314f73aa6341c,/home/homulily/code/bcp-cpp/bcp /home/homulily/code/bcp-cpp/dataset/GEOM90a.col 2G -t 3600,DESKTOP-RJQ30EQ,Linux-6.8.0-51-generic-x86_64-with-glibc2.39,c++ (Ubuntu 15.2.0-16ubuntu1) 15.2.0,Python 3.14.4; pandas 2.3.3; psutil 7.2.2,1,2026-08-14T08:26:30.351004+07:00,CaDiCaL,0,2G,3600,False,,False,False,
GEOM90b.col,90,860,110,12240,82870,OPTIMAL,69,1.00596,41.7887,42.7947,120.23438,0,1,3,509f41020245d12b4e03b0c6681826c72245d1f3,False,e293687b9c36702121066f37ac02cf4e8901dbaa3fd5ba7e864b0e00ba74fac3,bc9dd2f34387090f83611022ed1b92c2e8cc6181b37baadbb75314f73aa6341c,/home/homulily/code/bcp-cpp/bcp /home/homulily/code/bcp-cpp/dataset/GEOM90b.col 2G -t 3600,DESKTOP-RJQ30EQ,Linux-6.8.0-51-generic-x86_64-with-glibc2.39,c++ (Ubuntu 15.2.0-16ubuntu1) 15.2.0,Python 3.14.4; pandas 2.3.3; psutil 7.2.2,1,2026-08-14T08:27:13.360603+07:00,CaDiCaL,0,2G,3600,False,,False,False,
c21_1_d1.col,21,102,8,252,1095,OPTIMAL,7,0.000907806,0.00203319,0.002941,51.11328,0,1,3,509f41020245d12b4e03b0c6681826c72245d1f3,False,f838258c4c693e09ad2cc97943c674fc5b2ee14e0f97961fdfdeb239b8436773,bc9dd2f34387090f83611022ed1b92c2e8cc6181b37baadbb75314f73aa6341c,/home/homulily/code/bcp-cpp/bcp /home/homulily/code/bcp-cpp/dataset/c21_1_d1.col 2G -t 3600,DESKTOP-RJQ30EQ,Linux-6.8.0-51-generic-x86_64-with-glibc2.39,c++ (Ubuntu 15.2.0-16ubuntu1) 15.2.0,Python 3.14.4; pandas 2.3.3; psutil 7.2.2,1,2026-08-14T08:27:13.397338+07:00,CaDiCaL,0,2G,3600,False,,False,False,
c21_1_d2.col,21,102,8,252,1095,OPTIMAL,7,0.000993175,0.00203994,0.00303312,51.05078,0,1,3,509f41020245d12b4e03b0c6681826c72245d1f3,False,17ff4bba73f02ee89dd3d91ccbca1a01ac0062c8872237c8916bc44590d256d5,bc9dd2f34387090f83611022ed1b92c2e8cc6181b37baadbb75314f73aa6341c,/home/homulily/code/bcp-cpp/bcp /home/homulily/code/bcp-cpp/dataset/c21_1_d2.col 2G -t 3600,DESKTOP-RJQ30EQ,Linux-6.8.0-51-generic-x86_64-with-glibc2.39,c++ (Ubuntu 15.2.0-16ubuntu1) 15.2.0,Python 3.14.4; pandas 2.3.3; psutil 7.2.2,1,2026-08-14T08:27:13.505583+07:00,CaDiCaL,0,2G,3600,False,,False,False,
c21_2_d1.col,21,102,12,336,1467,OPTIMAL,9,0.00207302,0.00272895,0.00480197,51.05078,0,1,3,509f41020245d12b4e03b0c6681826c72245d1f3,False,bc5ff196032b38d098ccbb833a33557f397c0d16b5f8a281ddda8141f182fab6,bc9dd2f34387090f83611022ed1b92c2e8cc6181b37baadbb75314f73aa6341c,/home/homulily/code/bcp-cpp/bcp /home/homulily/code/bcp-cpp/dataset/c21_2_d1.col 2G -t 3600,DESKTOP-RJQ30EQ,Linux-6.8.0-51-generic-x86_64-with-glibc2.39,c++ (Ubuntu 15.2.0-16ubuntu1) 15.2.0,Python 3.14.4; pandas 2.3.3; psutil 7.2.2,1,2026-08-14T08:27:13.614319+07:00,CaDiCaL,0,2G,3600,False,,False,False,
c21_2_d2.col,21,102,12,336,1467,OPTIMAL,9,0.0021276,0.00283075,0.00495835,51.05078,0,1,3,509f41020245d12b4e03b0c6681826c72245d1f3,False,357f7cf6535a13a2109dbf9d363efff9cc6e0038fccf653c1dafc7e92e00fe01,bc9dd2f34387090f83611022ed1b92c2e8cc6181b37baadbb75314f73aa6341c,/home/homulily/code/bcp-cpp/bcp /home/homulily/code/bcp-cpp/dataset/c21_2_d2.col 2G -t 3600,DESKTOP-RJQ30EQ,Linux-6.8.0-51-generic-x86_64-with-glibc2.39,c++ (Ubuntu 15.2.0-16ubuntu1) 15.2.0,Python 3.14.4; pandas 2.3.3; psutil 7.2.2,1,2026-08-14T08:27:13.720834+07:00,CaDiCaL,0,2G,3600,False,,False,False,
c21_3_d1.col,21,102,8,252,1095,OPTIMAL,7,0.000888901,0.00215464,0.00304354,50.36328,0,1,3,509f41020245d12b4e03b0c6681826c72245d1f3,False,2765b742e9eb99580ca620c1af200f5de170405ca0f8ef34101dec9696c2f9ee,bc9dd2f34387090f83611022ed1b92c2e8cc6181b37baadbb75314f73aa6341c,/home/homulily/code/bcp-cpp/bcp /home/homulily/code/bcp-cpp/dataset/c21_3_d1.col 2G -t 3600,DESKTOP-RJQ30EQ,Linux-6.8.0-51-generic-x86_64-with-glibc2.39,c++ (Ubuntu 15.2.0-16ubuntu1) 15.2.0,Python 3.14.4; pandas 2.3.3; psutil 7.2.2,1,2026-08-14T08:27:13.826584+07:00,CaDiCaL,0,2G,3600,False,,False,False,
c21_3_d2.col,21,102,8,252,1095,OPTIMAL,7,0.00088924,0.00209136,0.0029806,51.05078,0,1,3,509f41020245d12b4e03b0c6681826c72245d1f3,False,5274c4b0e9751b679b2b38ab34627c4d1eca543d53c9c4086f61ec64f8ee1c6f,bc9dd2f34387090f83611022ed1b92c2e8cc6181b37baadbb75314f73aa6341c,/home/homulily/code/bcp-cpp/bcp /home/homulily/code/bcp-cpp/dataset/c21_3_d2.col 2G -t 3600,DESKTOP-RJQ30EQ,Linux-6.8.0-51-generic-x86_64-with-glibc2.39,c++ (Ubuntu 15.2.0-16ubuntu1) 15.2.0,Python 3.14.4; pandas 2.3.3; psutil 7.2.2,1,2026-08-14T08:27:13.933140+07:00,CaDiCaL,0,2G,3600,False,,False,False,
c21_4_d1.col,21,102,12,336,1467,OPTIMAL,9,0.00216057,0.00279108,0.00495165,50.61328,0,1,3,509f41020245d12b4e03b0c6681826c72245d1f3,False,19dd5b83496200f38741c1f02f9fc646d0eae6d2a435789be0650d1e3455d42b,bc9dd2f34387090f83611022ed1b92c2e8cc6181b37baadbb75314f73aa6341c,/home/homulily/code/bcp-cpp/bcp /home/homulily/code/bcp-cpp/dataset/c21_4_d1.col 2G -t 3600,DESKTOP-RJQ30EQ,Linux-6.8.0-51-generic-x86_64-with-glibc2.39,c++ (Ubuntu 15.2.0-16ubuntu1) 15.2.0,Python 3.14.4; pandas 2.3.3; psutil 7.2.2,1,2026-08-14T08:27:14.042424+07:00,CaDiCaL,0,2G,3600,False,,False,False,
c21_4_d2.col,21,102,12,336,1467,OPTIMAL,9,0.00211872,0.00265612,0.00477484,50.80078,0,1,3,509f41020245d12b4e03b0c6681826c72245d1f3,False,dcae409f3fa775f5d64e2a1c13109513f71b4261ac6646fa06061715bb34c40c,bc9dd2f34387090f83611022ed1b92c2e8cc6181b37baadbb75314f73aa6341c,/home/homulily/code/bcp-cpp/bcp /home/homulily/code/bcp-cpp/dataset/c21_4_d2.col 2G -t 3600,DESKTOP-RJQ30EQ,Linux-6.8.0-51-generic-x86_64-with-glibc2.39,c++ (Ubuntu 15.2.0-16ubuntu1) 15.2.0,Python 3.14.4; pandas 2.3.3; psutil 7.2.2,1,2026-08-14T08:27:14.148881+07:00,CaDiCaL,0,2G,3600,False,,False,False,
c21_5_d1.col,21,102,8,252,1095,OPTIMAL,7,0.00089437,0.0021192,0.00301357,51.05078,0,1,3,509f41020245d12b4e03b0c6681826c72245d1f3,False,9b48d14af7b6c13caa07b34bb084a2f18f2bbe1f27e4357c5d1d30b214e43ba0,bc9dd2f34387090f83611022ed1b92c2e8cc6181b37baadbb75314f73aa6341c,/home/homulily/code/bcp-cpp/bcp /home/homulily/code/bcp-cpp/dataset/c21_5_d1.col 2G -t 3600,DESKTOP-RJQ30EQ,Linux-6.8.0-51-generic-x86_64-with-glibc2.39,c++ (Ubuntu 15.2.0-16ubuntu1) 15.2.0,Python 3.14.4; pandas 2.3.3; psutil 7.2.2,1,2026-08-14T08:27:14.254454+07:00,CaDiCaL,0,2G,3600,False,,False,False,
c21_5_d2.col,21,102,8,252,1095,OPTIMAL,7,0.000915332,0.00203034,0.00294567,50.80078,0,1,3,509f41020245d12b4e03b0c6681826c72245d1f3,False,bfa272eb474be3d829f6ae72dc0b350e3cc16cae91bd5b0268f9d7d42e029bdf,bc9dd2f34387090f83611022ed1b92c2e8cc6181b37baadbb75314f73aa6341c,/home/homulily/code/bcp-cpp/bcp /home/homulily/code/bcp-cpp/dataset/c21_5_d2.col 2G -t 3600,DESKTOP-RJQ30EQ,Linux-6.8.0-51-generic-x86_64-with-glibc2.39,c++ (Ubuntu 15.2.0-16ubuntu1) 15.2.0,Python 3.14.4; pandas 2.3.3; psutil 7.2.2,1,2026-08-14T08:27:14.361566+07:00,CaDiCaL,0,2G,3600,False,,False,False,
c21_6_d1.col,21,102,12,336,1467,OPTIMAL,9,0.00221104,0.00273026,0.0049413,51.05078,0,1,3,509f41020245d12b4e03b0c6681826c72245d1f3,False,67f709a59420aa411b280438ae2a69559cb89dbc2a475e7237b5ff6beb322fc2,bc9dd2f34387090f83611022ed1b92c2e8cc6181b37baadbb75314f73aa6341c,/home/homulily/code/bcp-cpp/bcp /home/homulily/code/bcp-cpp/dataset/c21_6_d1.col 2G -t 3600,DESKTOP-RJQ30EQ,Linux-6.8.0-51-generic-x86_64-with-glibc2.39,c++ (Ubuntu 15.2.0-16ubuntu1) 15.2.0,Python 3.14.4; pandas 2.3.3; psutil 7.2.2,1,2026-08-14T08:27:14.471723+07:00,CaDiCaL,0,2G,3600,False,,False,False,
c21_6_d2.col,21,102,12,336,1467,OPTIMAL,9,0.00211692,0.00270439,0.00482132,50.92578,0,1,3,509f41020245d12b4e03b0c6681826c72245d1f3,False,75ba8238057f4be94630617bff4cf631976862699cffdb81bcbe628b6f5af066,bc9dd2f34387090f83611022ed1b92c2e8cc6181b37baadbb75314f73aa6341c,/home/homulily/code/bcp-cpp/bcp /home/homulily/code/bcp-cpp/dataset/c21_6_d2.col 2G -t 3600,DESKTOP-RJQ30EQ,Linux-6.8.0-51-generic-x86_64-with-glibc2.39,c++ (Ubuntu 15.2.0-16ubuntu1) 15.2.0,Python 3.14.4; pandas 2.3.3; psutil 7.2.2,1,2026-08-14T08:27:14.578418+07:00,CaDiCaL,0,2G,3600,False,,False,False,
c21_7_d1.col,21,102,8,252,1095,OPTIMAL,7,0.000908751,0.00232205,0.0032308,50.42578,0,1,3,509f41020245d12b4e03b0c6681826c72245d1f3,False,a5740086f18083fcf131d5f89bf75b7673b05dfb0366edb4c45fca95b2789986,bc9dd2f34387090f83611022ed1b92c2e8cc6181b37baadbb75314f73aa6341c,/home/homulily/code/bcp-cpp/bcp /home/homulily/code/bcp-cpp/dataset/c21_7_d1.col 2G -t 3600,DESKTOP-RJQ30EQ,Linux-6.8.0-51-generic-x86_64-with-glibc2.39,c++ (Ubuntu 15.2.0-16ubuntu1) 15.2.0,Python 3.14.4; pandas 2.3.3; psutil 7.2.2,1,2026-08-14T08:27:14.683244+07:00,CaDiCaL,0,2G,3600,False,,False,False,
c21_7_d2.col,21,102,8,252,1095,OPTIMAL,7,0.00091478,0.00200198,0.00291676,50.86328,0,1,3,509f41020245d12b4e03b0c6681826c72245d1f3,False,ac84b1b113bb6b57a70caec3bc248b94cc90c0bb1186f65645d78821eb05adbd,bc9dd2f34387090f83611022ed1b92c2e8cc6181b37baadbb75314f73aa6341c,/home/homulily/code/bcp-cpp/bcp /home/homulily/code/bcp-cpp/dataset/c21_7_d2.col 2G -t 3600,DESKTOP-RJQ30EQ,Linux-6.8.0-51-generic-x86_64-with-glibc2.39,c++ (Ubuntu 15.2.0-16ubuntu1) 15.2.0,Python 3.14.4; pandas 2.3.3; psutil 7.2.2,1,2026-08-14T08:27:14.790194+07:00,CaDiCaL,0,2G,3600,False,,False,False,
c21_8_d1.col,21,102,12,336,1467,OPTIMAL,9,0.00214449,0.0027409,0.00488539,51.05078,0,1,3,509f41020245d12b4e03b0c6681826c72245d1f3,False,bb8a14faad6327dbd85291090c1bdb4c5568aa8d9d5a7bd53c8654f3ab113224,bc9dd2f34387090f83611022ed1b92c2e8cc6181b37baadbb75314f73aa6341c,/home/homulily/code/bcp-cpp/bcp /home/homulily/code/bcp-cpp/dataset/c21_8_d1.col 2G -t 3600,DESKTOP-RJQ30EQ,Linux-6.8.0-51-generic-x86_64-with-glibc2.39,c++ (Ubuntu 15.2.0-16ubuntu1) 15.2.0,Python 3.14.4; pandas 2.3.3; psutil 7.2.2,1,2026-08-14T08:27:14.898801+07:00,CaDiCaL,0,2G,3600,False,,False,False,
c21_8_d2.col,21,102,12,336,1467,OPTIMAL,9,0.00231022,0.0029153,0.00522552,50.80078,0,1,3,509f41020245d12b4e03b0c6681826c72245d1f3,False,f5ba7310979dcec808371e784a264f60b7a9480e3c89e6597cce412caf40d991,bc9dd2f34387090f83611022ed1b92c2e8cc6181b37baadbb75314f73aa6341c,/home/homulily/code/bcp-cpp/bcp /home/homulily/code/bcp-cpp/dataset/c21_8_d2.col 2G -t 3600,DESKTOP-RJQ30EQ,Linux-6.8.0-51-generic-x86_64-with-glibc2.39,c++ (Ubuntu 15.2.0-16ubuntu1) 15.2.0,Python 3.14.4; pandas 2.3.3; psutil 7.2.2,1,2026-08-14T08:27:15.007246+07:00,CaDiCaL,0,2G,3600,False,,False,False,
c25_1_d3.col,25,134,8,350,1613,OPTIMAL,8,0.000769979,0.0113854,0.0121554,51.05078,0,1,3,509f41020245d12b4e03b0c6681826c72245d1f3,False,1ea6804dc4a8d52338e7935ca90ec544a6f93a27cd092508d5f2a4a4309660a3,bc9dd2f34387090f83611022ed1b92c2e8cc6181b37baadbb75314f73aa6341c,/home/homulily/code/bcp-cpp/bcp /home/homulily/code/bcp-cpp/dataset/c25_1_d3.col 2G -t 3600,DESKTOP-RJQ30EQ,Linux-6.8.0-51-generic-x86_64-with-glibc2.39,c++ (Ubuntu 15.2.0-16ubuntu1) 15.2.0,Python 3.14.4; pandas 2.3.3; psutil 7.2.2,1,2026-08-14T08:27:15.119361+07:00,CaDiCaL,0,2G,3600,False,,False,False,
c25_1_d4.col,25,134,8,350,1613,OPTIMAL,8,0.000793439,0.0112862,0.0120796,50.55078,0,1,3,509f41020245d12b4e03b0c6681826c72245d1f3,False,eff8f52de9e723400f83c97d0ec2abe45e41b6038672e20a4a4081e4715aca85,bc9dd2f34387090f83611022ed1b92c2e8cc6181b37baadbb75314f73aa6341c,/home/homulily/code/bcp-cpp/bcp /home/homulily/code/bcp-cpp/dataset/c25_1_d4.col 2G -t 3600,DESKTOP-RJQ30EQ,Linux-6.8.0-51-generic-x86_64-with-glibc2.39,c++ (Ubuntu 15.2.0-16ubuntu1) 15.2.0,Python 3.14.4; pandas 2.3.3; psutil 7.2.2,1,2026-08-14T08:27:15.226302+07:00,CaDiCaL,0,2G,3600,False,,False,False,
c55_1_d1.col,55,362,9,660,3437,OPTIMAL,7,0.00387999,0.00362648,0.00750647,51.05078,0,1,3,509f41020245d12b4e03b0c6681826c72245d1f3,False,483fac5e0df65a27f7312e2883f8f90c17f26d3a7bdd50c333212ca635e3f2e6,bc9dd2f34387090f83611022ed1b92c2e8cc6181b37baadbb75314f73aa6341c,/home/homulily/code/bcp-cpp/bcp /home/homulily/code/bcp-cpp/dataset/c55_1_d1.col 2G -t 3600,DESKTOP-RJQ30EQ,Linux-6.8.0-51-generic-x86_64-with-glibc2.39,c++ (Ubuntu 15.2.0-16ubuntu1) 15.2.0,Python 3.14.4; pandas 2.3.3; psutil 7.2.2,1,2026-08-14T08:27:15.328774+07:00,CaDiCaL,0,2G,3600,False,,False,False,
c55_2_d2.col,55,362,9,660,3437,OPTIMAL,7,0.00365505,0.00356831,0.00722336,50.92578,0,1,3,509f41020245d12b4e03b0c6681826c72245d1f3,False,7b0078b893aeb838a0f5f0b3ece5f1505f2c0981a98c59561af4c69742a59ad6,bc9dd2f34387090f83611022ed1b92c2e8cc6181b37baadbb75314f73aa6341c,/home/homulily/code/bcp-cpp/bcp /home/homulily/code/bcp-cpp/dataset/c55_2_d2.col 2G -t 3600,DESKTOP-RJQ30EQ,Linux-6.8.0-51-generic-x86_64-with-glibc2.39,c++ (Ubuntu 15.2.0-16ubuntu1) 15.2.0,Python 3.14.4; pandas 2.3.3; psutil 7.2.2,1,2026-08-14T08:27:15.434635+07:00,CaDiCaL,0,2G,3600,False,,False,False,
